Well,Rep,Treatment,Species,Fiber,ACdesign,BAdesign,BHdesign,BLdesign,BUdesign,CAdesign,CCdesign,CHdesign,DFdesign,ELdesign,ERdesign,FPdesign,PCdesign,PJdesign,RIdesign,AcGum,ArGal,Inulin,Pectin,Starch,Xylan,time,ACrel,BArel,BHrel,BLrel,BUrel,CArel,CCrel,CHrel,DFrel,ELrel,ERrel,FPrel,PCrel,PJrel,RIrel,ACabs,BAabs,BHabs,BLabs,BUabs,CAabs,CCabs,CHabs,DFabs,ELabs,ERabs,FPabs,PCabs,PJabs,RIabs,OD,pH,Lactate,Butyrate,Acetate,reads
33,1,AC-BA-BL-BU-CH-DF-ER-FP-RI-5Inulin-1Pectin,AC-BA-BL-BU-CH-DF-ER-FP-RI,5Inulin-1Pectin,1,1,0,1,1,0,0,1,1,0,1,1,0,0,1,0,0,5,1,0,0,0,0.111111111111111,0.111111111111111,0,0.111111111111111,0.111111111111111,0,0,0.111111111111111,0.111111111111111,0,0.111111111111111,0.111111111111111,0,0,0.111111111111111,0.000666666666666667,0.000666666666666667,0,0.000666666666666667,0.000666666666666667,0,0,0.000666666666666667,0.000666666666666667,0,0.000666666666666667,0.000666666666666667,0,0,0.000666666666666667,0.006,6.7,0,0,0,NaN
34,2,AC-BA-BL-BU-CH-DF-ER-FP-RI-5Inulin-1Pectin,AC-BA-BL-BU-CH-DF-ER-FP-RI,5Inulin-1Pectin,1,1,0,1,1,0,0,1,1,0,1,1,0,0,1,0,0,5,1,0,0,0,0.111111111111111,0.111111111111111,0,0.111111111111111,0.111111111111111,0,0,0.111111111111111,0.111111111111111,0,0.111111111111111,0.111111111111111,0,0,0.111111111111111,0.000666666666666667,0.000666666666666667,0,0.000666666666666667,0.000666666666666667,0,0,0.000666666666666667,0.000666666666666667,0,0.000666666666666667,0.000666666666666667,0,0,0.000666666666666667,0.006,6.7,0,0,0,NaN
35,3,AC-BA-BL-BU-CH-DF-ER-FP-RI-5Inulin-1Pectin,AC-BA-BL-BU-CH-DF-ER-FP-RI,5Inulin-1Pectin,1,1,0,1,1,0,0,1,1,0,1,1,0,0,1,0,0,5,1,0,0,0,0.111111111111111,0.111111111111111,0,0.111111111111111,0.111111111111111,0,0,0.111111111111111,0.111111111111111,0,0.111111111111111,0.111111111111111,0,0,0.111111111111111,0.000666666666666667,0.000666666666666667,0,0.000666666666666667,0.000666666666666667,0,0,0.000666666666666667,0.000666666666666667,0,0.000666666666666667,0.000666666666666667,0,0,0.000666666666666667,0.006,6.7,0,0,0,NaN
36,4,AC-BA-BL-BU-CH-DF-ER-FP-RI-5Inulin-1Pectin,AC-BA-BL-BU-CH-DF-ER-FP-RI,5Inulin-1Pectin,1,1,0,1,1,0,0,1,1,0,1,1,0,0,1,0,0,5,1,0,0,0,0.111111111111111,0.111111111111111,0,0.111111111111111,0.111111111111111,0,0,0.111111111111111,0.111111111111111,0,0.111111111111111,0.111111111111111,0,0,0.111111111111111,0.000666666666666667,0.000666666666666667,0,0.000666666666666667,0.000666666666666667,0,0,0.000666666666666667,0.000666666666666667,0,0.000666666666666667,0.000666666666666667,0,0,0.000666666666666667,0.006,6.7,0,0,0,NaN
37,1,AC-BA-BH-BL-BU-CC-CH-DF-ER-RI-5Inulin-1Pectin,AC-BA-BH-BL-BU-CC-CH-DF-ER-RI,5Inulin-1Pectin,1,1,1,1,1,0,1,1,1,0,1,0,0,0,1,0,0,5,1,0,0,0,0.1,0.1,0.1,0.1,0.1,0,0.1,0.1,0.1,0,0.1,0,0,0,0.1,0.000666666666666667,0.000666666666666667,0.000666666666666667,0.000666666666666667,0.000666666666666667,0,0.000666666666666667,0.000666666666666667,0.000666666666666667,0,0.000666666666666667,0,0,0,0.000666666666666667,0.00666666666666667,6.7,0,0,0,NaN
38,2,AC-BA-BH-BL-BU-CC-CH-DF-ER-RI-5Inulin-1Pectin,AC-BA-BH-BL-BU-CC-CH-DF-ER-RI,5Inulin-1Pectin,1,1,1,1,1,0,1,1,1,0,1,0,0,0,1,0,0,5,1,0,0,0,0.1,0.1,0.1,0.1,0.1,0,0.1,0.1,0.1,0,0.1,0,0,0,0.1,0.000666666666666667,0.000666666666666667,0.000666666666666667,0.000666666666666667,0.000666666666666667,0,0.000666666666666667,0.000666666666666667,0.000666666666666667,0,0.000666666666666667,0,0,0,0.000666666666666667,0.00666666666666667,6.7,0,0,0,NaN
39,3,AC-BA-BH-BL-BU-CC-CH-DF-ER-RI-5Inulin-1Pectin,AC-BA-BH-BL-BU-CC-CH-DF-ER-RI,5Inulin-1Pectin,1,1,1,1,1,0,1,1,1,0,1,0,0,0,1,0,0,5,1,0,0,0,0.1,0.1,0.1,0.1,0.1,0,0.1,0.1,0.1,0,0.1,0,0,0,0.1,0.000666666666666667,0.000666666666666667,0.000666666666666667,0.000666666666666667,0.000666666666666667,0,0.000666666666666667,0.000666666666666667,0.000666666666666667,0,0.000666666666666667,0,0,0,0.000666666666666667,0.00666666666666667,6.7,0,0,0,NaN
40,4,AC-BA-BH-BL-BU-CC-CH-DF-ER-RI-5Inulin-1Pectin,AC-BA-BH-BL-BU-CC-CH-DF-ER-RI,5Inulin-1Pectin,1,1,1,1,1,0,1,1,1,0,1,0,0,0,1,0,0,5,1,0,0,0,0.1,0.1,0.1,0.1,0.1,0,0.1,0.1,0.1,0,0.1,0,0,0,0.1,0.000666666666666667,0.000666666666666667,0.000666666666666667,0.000666666666666667,0.000666666666666667,0,0.000666666666666667,0.000666666666666667,0.000666666666666667,0,0.000666666666666667,0,0,0,0.000666666666666667,0.00666666666666667,6.7,0,0,0,NaN
41,1,AC-BA-BL-BU-CH-DF-ER-FP-RI-4Inulin-1Pectin-1Starch,AC-BA-BL-BU-CH-DF-ER-FP-RI,4Inulin-1Pectin-1Starch,1,1,0,1,1,0,0,1,1,0,1,1,0,0,1,0,0,4,1,1,0,0,0.111111111111111,0.111111111111111,0,0.111111111111111,0.111111111111111,0,0,0.111111111111111,0.111111111111111,0,0.111111111111111,0.111111111111111,0,0,0.111111111111111,0.000666666666666667,0.000666666666666667,0,0.000666666666666667,0.000666666666666667,0,0,0.000666666666666667,0.000666666666666667,0,0.000666666666666667,0.000666666666666667,0,0,0.000666666666666667,0.006,6.7,0,0,0,NaN
42,2,AC-BA-BL-BU-CH-DF-ER-FP-RI-4Inulin-1Pectin-1Starch,AC-BA-BL-BU-CH-DF-ER-FP-RI,4Inulin-1Pectin-1Starch,1,1,0,1,1,0,0,1,1,0,1,1,0,0,1,0,0,4,1,1,0,0,0.111111111111111,0.111111111111111,0,0.111111111111111,0.111111111111111,0,0,0.111111111111111,0.111111111111111,0,0.111111111111111,0.111111111111111,0,0,0.111111111111111,0.000666666666666667,0.000666666666666667,0,0.000666666666666667,0.000666666666666667,0,0,0.000666666666666667,0.000666666666666667,0,0.000666666666666667,0.000666666666666667,0,0,0.000666666666666667,0.006,6.7,0,0,0,NaN
43,3,AC-BA-BL-BU-CH-DF-ER-FP-RI-4Inulin-1Pectin-1Starch,AC-BA-BL-BU-CH-DF-ER-FP-RI,4Inulin-1Pectin-1Starch,1,1,0,1,1,0,0,1,1,0,1,1,0,0,1,0,0,4,1,1,0,0,0.111111111111111,0.111111111111111,0,0.111111111111111,0.111111111111111,0,0,0.111111111111111,0.111111111111111,0,0.111111111111111,0.111111111111111,0,0,0.111111111111111,0.000666666666666667,0.000666666666666667,0,0.000666666666666667,0.000666666666666667,0,0,0.000666666666666667,0.000666666666666667,0,0.000666666666666667,0.000666666666666667,0,0,0.000666666666666667,0.006,6.7,0,0,0,NaN
44,4,AC-BA-BL-BU-CH-DF-ER-FP-RI-4Inulin-1Pectin-1Starch,AC-BA-BL-BU-CH-DF-ER-FP-RI,4Inulin-1Pectin-1Starch,1,1,0,1,1,0,0,1,1,0,1,1,0,0,1,0,0,4,1,1,0,0,0.111111111111111,0.111111111111111,0,0.111111111111111,0.111111111111111,0,0,0.111111111111111,0.111111111111111,0,0.111111111111111,0.111111111111111,0,0,0.111111111111111,0.000666666666666667,0.000666666666666667,0,0.000666666666666667,0.000666666666666667,0,0,0.000666666666666667,0.000666666666666667,0,0.000666666666666667,0.000666666666666667,0,0,0.000666666666666667,0.006,6.7,0,0,0,NaN
45,1,AC-BA-BH-BL-BU-CH-DF-ER-RI-4Inulin-1Pectin-1Starch,AC-BA-BH-BL-BU-CH-DF-ER-RI,4Inulin-1Pectin-1Starch,1,1,1,1,1,0,0,1,1,0,1,0,0,0,1,0,0,4,1,1,0,0,0.111111111111111,0.111111111111111,0.111111111111111,0.111111111111111,0.111111111111111,0,0,0.111111111111111,0.111111111111111,0,0.111111111111111,0,0,0,0.111111111111111,0.000666666666666667,0.000666666666666667,0.000666666666666667,0.000666666666666667,0.000666666666666667,0,0,0.000666666666666667,0.000666666666666667,0,0.000666666666666667,0,0,0,0.000666666666666667,0.006,6.7,0,0,0,NaN
46,2,AC-BA-BH-BL-BU-CH-DF-ER-RI-4Inulin-1Pectin-1Starch,AC-BA-BH-BL-BU-CH-DF-ER-RI,4Inulin-1Pectin-1Starch,1,1,1,1,1,0,0,1,1,0,1,0,0,0,1,0,0,4,1,1,0,0,0.111111111111111,0.111111111111111,0.111111111111111,0.111111111111111,0.111111111111111,0,0,0.111111111111111,0.111111111111111,0,0.111111111111111,0,0,0,0.111111111111111,0.000666666666666667,0.000666666666666667,0.000666666666666667,0.000666666666666667,0.000666666666666667,0,0,0.000666666666666667,0.000666666666666667,0,0.000666666666666667,0,0,0,0.000666666666666667,0.006,6.7,0,0,0,NaN
47,3,AC-BA-BH-BL-BU-CH-DF-ER-RI-4Inulin-1Pectin-1Starch,AC-BA-BH-BL-BU-CH-DF-ER-RI,4Inulin-1Pectin-1Starch,1,1,1,1,1,0,0,1,1,0,1,0,0,0,1,0,0,4,1,1,0,0,0.111111111111111,0.111111111111111,0.111111111111111,0.111111111111111,0.111111111111111,0,0,0.111111111111111,0.111111111111111,0,0.111111111111111,0,0,0,0.111111111111111,0.000666666666666667,0.000666666666666667,0.000666666666666667,0.000666666666666667,0.000666666666666667,0,0,0.000666666666666667,0.000666666666666667,0,0.000666666666666667,0,0,0,0.000666666666666667,0.006,6.7,0,0,0,NaN
48,4,AC-BA-BH-BL-BU-CH-DF-ER-RI-4Inulin-1Pectin-1Starch,AC-BA-BH-BL-BU-CH-DF-ER-RI,4Inulin-1Pectin-1Starch,1,1,1,1,1,0,0,1,1,0,1,0,0,0,1,0,0,4,1,1,0,0,0.111111111111111,0.111111111111111,0.111111111111111,0.111111111111111,0.111111111111111,0,0,0.111111111111111,0.111111111111111,0,0.111111111111111,0,0,0,0.111111111111111,0.000666666666666667,0.000666666666666667,0.000666666666666667,0.000666666666666667,0.000666666666666667,0,0,0.000666666666666667,0.000666666666666667,0,0.000666666666666667,0,0,0,0.000666666666666667,0.006,6.7,0,0,0,NaN
49,1,AC-BA-BH-BL-BU-CH-DF-ER-FP-RI-4Inulin-1Pectin-1Xylan,AC-BA-BH-BL-BU-CH-DF-ER-FP-RI,4Inulin-1Pectin-1Xylan,1,1,1,1,1,0,0,1,1,0,1,1,0,0,1,0,0,4,1,0,1,0,0.1,0.1,0.1,0.1,0.1,0,0,0.1,0.1,0,0.1,0.1,0,0,0.1,0.000666666666666667,0.000666666666666667,0.000666666666666667,0.000666666666666667,0.000666666666666667,0,0,0.000666666666666667,0.000666666666666667,0,0.000666666666666667,0.000666666666666667,0,0,0.000666666666666667,0.00666666666666667,6.7,0,0,0,NaN
50,2,AC-BA-BH-BL-BU-CH-DF-ER-FP-RI-4Inulin-1Pectin-1Xylan,AC-BA-BH-BL-BU-CH-DF-ER-FP-RI,4Inulin-1Pectin-1Xylan,1,1,1,1,1,0,0,1,1,0,1,1,0,0,1,0,0,4,1,0,1,0,0.1,0.1,0.1,0.1,0.1,0,0,0.1,0.1,0,0.1,0.1,0,0,0.1,0.000666666666666667,0.000666666666666667,0.000666666666666667,0.000666666666666667,0.000666666666666667,0,0,0.000666666666666667,0.000666666666666667,0,0.000666666666666667,0.000666666666666667,0,0,0.000666666666666667,0.00666666666666667,6.7,0,0,0,NaN
51,3,AC-BA-BH-BL-BU-CH-DF-ER-FP-RI-4Inulin-1Pectin-1Xylan,AC-BA-BH-BL-BU-CH-DF-ER-FP-RI,4Inulin-1Pectin-1Xylan,1,1,1,1,1,0,0,1,1,0,1,1,0,0,1,0,0,4,1,0,1,0,0.1,0.1,0.1,0.1,0.1,0,0,0.1,0.1,0,0.1,0.1,0,0,0.1,0.000666666666666667,0.000666666666666667,0.000666666666666667,0.000666666666666667,0.000666666666666667,0,0,0.000666666666666667,0.000666666666666667,0,0.000666666666666667,0.000666666666666667,0,0,0.000666666666666667,0.00666666666666667,6.7,0,0,0,NaN
52,4,AC-BA-BH-BL-BU-CH-DF-ER-FP-RI-4Inulin-1Pectin-1Xylan,AC-BA-BH-BL-BU-CH-DF-ER-FP-RI,4Inulin-1Pectin-1Xylan,1,1,1,1,1,0,0,1,1,0,1,1,0,0,1,0,0,4,1,0,1,0,0.1,0.1,0.1,0.1,0.1,0,0,0.1,0.1,0,0.1,0.1,0,0,0.1,0.000666666666666667,0.000666666666666667,0.000666666666666667,0.000666666666666667,0.000666666666666667,0,0,0.000666666666666667,0.000666666666666667,0,0.000666666666666667,0.000666666666666667,0,0,0.000666666666666667,0.00666666666666667,6.7,0,0,0,NaN
53,1,AC-BA-BL-BU-CC-CH-DF-ER-FP-RI-4Inulin-1Pectin-1Xylan,AC-BA-BL-BU-CC-CH-DF-ER-FP-RI,4Inulin-1Pectin-1Xylan,1,1,0,1,1,0,1,1,1,0,1,1,0,0,1,0,0,4,1,0,1,0,0.1,0.1,0,0.1,0.1,0,0.1,0.1,0.1,0,0.1,0.1,0,0,0.1,0.000666666666666667,0.000666666666666667,0,0.000666666666666667,0.000666666666666667,0,0.000666666666666667,0.000666666666666667,0.000666666666666667,0,0.000666666666666667,0.000666666666666667,0,0,0.000666666666666667,0.00666666666666667,6.7,0,0,0,NaN
54,2,AC-BA-BL-BU-CC-CH-DF-ER-FP-RI-4Inulin-1Pectin-1Xylan,AC-BA-BL-BU-CC-CH-DF-ER-FP-RI,4Inulin-1Pectin-1Xylan,1,1,0,1,1,0,1,1,1,0,1,1,0,0,1,0,0,4,1,0,1,0,0.1,0.1,0,0.1,0.1,0,0.1,0.1,0.1,0,0.1,0.1,0,0,0.1,0.000666666666666667,0.000666666666666667,0,0.000666666666666667,0.000666666666666667,0,0.000666666666666667,0.000666666666666667,0.000666666666666667,0,0.000666666666666667,0.000666666666666667,0,0,0.000666666666666667,0.00666666666666667,6.7,0,0,0,NaN
55,3,AC-BA-BL-BU-CC-CH-DF-ER-FP-RI-4Inulin-1Pectin-1Xylan,AC-BA-BL-BU-CC-CH-DF-ER-FP-RI,4Inulin-1Pectin-1Xylan,1,1,0,1,1,0,1,1,1,0,1,1,0,0,1,0,0,4,1,0,1,0,0.1,0.1,0,0.1,0.1,0,0.1,0.1,0.1,0,0.1,0.1,0,0,0.1,0.000666666666666667,0.000666666666666667,0,0.000666666666666667,0.000666666666666667,0,0.000666666666666667,0.000666666666666667,0.000666666666666667,0,0.000666666666666667,0.000666666666666667,0,0,0.000666666666666667,0.00666666666666667,6.7,0,0,0,NaN
56,4,AC-BA-BL-BU-CC-CH-DF-ER-FP-RI-4Inulin-1Pectin-1Xylan,AC-BA-BL-BU-CC-CH-DF-ER-FP-RI,4Inulin-1Pectin-1Xylan,1,1,0,1,1,0,1,1,1,0,1,1,0,0,1,0,0,4,1,0,1,0,0.1,0.1,0,0.1,0.1,0,0.1,0.1,0.1,0,0.1,0.1,0,0,0.1,0.000666666666666667,0.000666666666666667,0,0.000666666666666667,0.000666666666666667,0,0.000666666666666667,0.000666666666666667,0.000666666666666667,0,0.000666666666666667,0.000666666666666667,0,0,0.000666666666666667,0.00666666666666667,6.7,0,0,0,NaN
57,1,AC-BA-BL-BU-CC-CH-ER-FP-PC-RI-3Inulin-2Pectin-1Starch,AC-BA-BL-BU-CC-CH-ER-FP-PC-RI,3Inulin-2Pectin-1Starch,1,1,0,1,1,0,1,1,0,0,1,1,1,0,1,0,0,3,2,1,0,0,0.1,0.1,0,0.1,0.1,0,0.1,0.1,0,0,0.1,0.1,0.1,0,0.1,0.000666666666666667,0.000666666666666667,0,0.000666666666666667,0.000666666666666667,0,0.000666666666666667,0.000666666666666667,0,0,0.000666666666666667,0.000666666666666667,0.000666666666666667,0,0.000666666666666667,0.00666666666666667,6.7,0,0,0,NaN
58,2,AC-BA-BL-BU-CC-CH-ER-FP-PC-RI-3Inulin-2Pectin-1Starch,AC-BA-BL-BU-CC-CH-ER-FP-PC-RI,3Inulin-2Pectin-1Starch,1,1,0,1,1,0,1,1,0,0,1,1,1,0,1,0,0,3,2,1,0,0,0.1,0.1,0,0.1,0.1,0,0.1,0.1,0,0,0.1,0.1,0.1,0,0.1,0.000666666666666667,0.000666666666666667,0,0.000666666666666667,0.000666666666666667,0,0.000666666666666667,0.000666666666666667,0,0,0.000666666666666667,0.000666666666666667,0.000666666666666667,0,0.000666666666666667,0.00666666666666667,6.7,0,0,0,NaN
59,3,AC-BA-BL-BU-CC-CH-ER-FP-PC-RI-3Inulin-2Pectin-1Starch,AC-BA-BL-BU-CC-CH-ER-FP-PC-RI,3Inulin-2Pectin-1Starch,1,1,0,1,1,0,1,1,0,0,1,1,1,0,1,0,0,3,2,1,0,0,0.1,0.1,0,0.1,0.1,0,0.1,0.1,0,0,0.1,0.1,0.1,0,0.1,0.000666666666666667,0.000666666666666667,0,0.000666666666666667,0.000666666666666667,0,0.000666666666666667,0.000666666666666667,0,0,0.000666666666666667,0.000666666666666667,0.000666666666666667,0,0.000666666666666667,0.00666666666666667,6.7,0,0,0,NaN
60,4,AC-BA-BL-BU-CC-CH-ER-FP-PC-RI-3Inulin-2Pectin-1Starch,AC-BA-BL-BU-CC-CH-ER-FP-PC-RI,3Inulin-2Pectin-1Starch,1,1,0,1,1,0,1,1,0,0,1,1,1,0,1,0,0,3,2,1,0,0,0.1,0.1,0,0.1,0.1,0,0.1,0.1,0,0,0.1,0.1,0.1,0,0.1,0.000666666666666667,0.000666666666666667,0,0.000666666666666667,0.000666666666666667,0,0.000666666666666667,0.000666666666666667,0,0,0.000666666666666667,0.000666666666666667,0.000666666666666667,0,0.000666666666666667,0.00666666666666667,6.7,0,0,0,NaN
61,1,AC-BA-BH-BL-BU-CH-DF-FP-RI-4Inulin-1Pectin-1Xylan,AC-BA-BH-BL-BU-CH-DF-FP-RI,4Inulin-1Pectin-1Xylan,1,1,1,1,1,0,0,1,1,0,0,1,0,0,1,0,0,4,1,0,1,0,0.111111111111111,0.111111111111111,0.111111111111111,0.111111111111111,0.111111111111111,0,0,0.111111111111111,0.111111111111111,0,0,0.111111111111111,0,0,0.111111111111111,0.000666666666666667,0.000666666666666667,0.000666666666666667,0.000666666666666667,0.000666666666666667,0,0,0.000666666666666667,0.000666666666666667,0,0,0.000666666666666667,0,0,0.000666666666666667,0.006,6.7,0,0,0,NaN
62,2,AC-BA-BH-BL-BU-CH-DF-FP-RI-4Inulin-1Pectin-1Xylan,AC-BA-BH-BL-BU-CH-DF-FP-RI,4Inulin-1Pectin-1Xylan,1,1,1,1,1,0,0,1,1,0,0,1,0,0,1,0,0,4,1,0,1,0,0.111111111111111,0.111111111111111,0.111111111111111,0.111111111111111,0.111111111111111,0,0,0.111111111111111,0.111111111111111,0,0,0.111111111111111,0,0,0.111111111111111,0.000666666666666667,0.000666666666666667,0.000666666666666667,0.000666666666666667,0.000666666666666667,0,0,0.000666666666666667,0.000666666666666667,0,0,0.000666666666666667,0,0,0.000666666666666667,0.006,6.7,0,0,0,NaN
63,3,AC-BA-BH-BL-BU-CH-DF-FP-RI-4Inulin-1Pectin-1Xylan,AC-BA-BH-BL-BU-CH-DF-FP-RI,4Inulin-1Pectin-1Xylan,1,1,1,1,1,0,0,1,1,0,0,1,0,0,1,0,0,4,1,0,1,0,0.111111111111111,0.111111111111111,0.111111111111111,0.111111111111111,0.111111111111111,0,0,0.111111111111111,0.111111111111111,0,0,0.111111111111111,0,0,0.111111111111111,0.000666666666666667,0.000666666666666667,0.000666666666666667,0.000666666666666667,0.000666666666666667,0,0,0.000666666666666667,0.000666666666666667,0,0,0.000666666666666667,0,0,0.000666666666666667,0.006,6.7,0,0,0,NaN
64,4,AC-BA-BH-BL-BU-CH-DF-FP-RI-4Inulin-1Pectin-1Xylan,AC-BA-BH-BL-BU-CH-DF-FP-RI,4Inulin-1Pectin-1Xylan,1,1,1,1,1,0,0,1,1,0,0,1,0,0,1,0,0,4,1,0,1,0,0.111111111111111,0.111111111111111,0.111111111111111,0.111111111111111,0.111111111111111,0,0,0.111111111111111,0.111111111111111,0,0,0.111111111111111,0,0,0.111111111111111,0.000666666666666667,0.000666666666666667,0.000666666666666667,0.000666666666666667,0.000666666666666667,0,0,0.000666666666666667,0.000666666666666667,0,0,0.000666666666666667,0,0,0.000666666666666667,0.006,6.7,0,0,0,NaN
33,1,AC-BA-BL-BU-CH-DF-ER-FP-RI-5Inulin-1Pectin,AC-BA-BL-BU-CH-DF-ER-FP-RI,5Inulin-1Pectin,1,1,0,1,1,0,0,1,1,0,1,1,0,0,1,0,0,5,1,0,0,1,NaN,NaN,NaN,NaN,NaN,NaN,NaN,NaN,NaN,NaN,NaN,NaN,NaN,NaN,NaN,NaN,NaN,NaN,NaN,NaN,NaN,NaN,NaN,NaN,NaN,NaN,NaN,NaN,NaN,NaN,1.03888402555847,6.26803989349743,NaN,NaN,NaN,NaN
34,2,AC-BA-BL-BU-CH-DF-ER-FP-RI-5Inulin-1Pectin,AC-BA-BL-BU-CH-DF-ER-FP-RI,5Inulin-1Pectin,1,1,0,1,1,0,0,1,1,0,1,1,0,0,1,0,0,5,1,0,0,1,NaN,NaN,NaN,NaN,NaN,NaN,NaN,NaN,NaN,NaN,NaN,NaN,NaN,NaN,NaN,NaN,NaN,NaN,NaN,NaN,NaN,NaN,NaN,NaN,NaN,NaN,NaN,NaN,NaN,NaN,1.19508395765686,6.2378168098257,NaN,NaN,NaN,NaN
35,3,AC-BA-BL-BU-CH-DF-ER-FP-RI-5Inulin-1Pectin,AC-BA-BL-BU-CH-DF-ER-FP-RI,5Inulin-1Pectin,1,1,0,1,1,0,0,1,1,0,1,1,0,0,1,0,0,5,1,0,0,1,NaN,NaN,NaN,NaN,NaN,NaN,NaN,NaN,NaN,NaN,NaN,NaN,NaN,NaN,NaN,NaN,NaN,NaN,NaN,NaN,NaN,NaN,NaN,NaN,NaN,NaN,NaN,NaN,NaN,NaN,1.14988396738434,6.27818032053476,NaN,NaN,NaN,NaN
36,4,AC-BA-BL-BU-CH-DF-ER-FP-RI-5Inulin-1Pectin,AC-BA-BL-BU-CH-DF-ER-FP-RI,5Inulin-1Pectin,1,1,0,1,1,0,0,1,1,0,1,1,0,0,1,0,0,5,1,0,0,1,NaN,NaN,NaN,NaN,NaN,NaN,NaN,NaN,NaN,NaN,NaN,NaN,NaN,NaN,NaN,NaN,NaN,NaN,NaN,NaN,NaN,NaN,NaN,NaN,NaN,NaN,NaN,NaN,NaN,NaN,1.15188394163513,6.28599934288817,NaN,NaN,NaN,NaN
37,1,AC-BA-BH-BL-BU-CC-CH-DF-ER-RI-5Inulin-1Pectin,AC-BA-BH-BL-BU-CC-CH-DF-ER-RI,5Inulin-1Pectin,1,1,1,1,1,0,1,1,1,0,1,0,0,0,1,0,0,5,1,0,0,1,NaN,NaN,NaN,NaN,NaN,NaN,NaN,NaN,NaN,NaN,NaN,NaN,NaN,NaN,NaN,NaN,NaN,NaN,NaN,NaN,NaN,NaN,NaN,NaN,NaN,NaN,NaN,NaN,NaN,NaN,1.2588840541687,6.36572082418959,NaN,NaN,NaN,NaN
38,2,AC-BA-BH-BL-BU-CC-CH-DF-ER-RI-5Inulin-1Pectin,AC-BA-BH-BL-BU-CC-CH-DF-ER-RI,5Inulin-1Pectin,1,1,1,1,1,0,1,1,1,0,1,0,0,0,1,0,0,5,1,0,0,1,NaN,NaN,NaN,NaN,NaN,NaN,NaN,NaN,NaN,NaN,NaN,NaN,NaN,NaN,NaN,NaN,NaN,NaN,NaN,NaN,NaN,NaN,NaN,NaN,NaN,NaN,NaN,NaN,NaN,NaN,1.37448404405975,6.33932397054758,NaN,NaN,NaN,NaN
39,3,AC-BA-BH-BL-BU-CC-CH-DF-ER-RI-5Inulin-1Pectin,AC-BA-BH-BL-BU-CC-CH-DF-ER-RI,5Inulin-1Pectin,1,1,1,1,1,0,1,1,1,0,1,0,0,0,1,0,0,5,1,0,0,1,NaN,NaN,NaN,NaN,NaN,NaN,NaN,NaN,NaN,NaN,NaN,NaN,NaN,NaN,NaN,NaN,NaN,NaN,NaN,NaN,NaN,NaN,NaN,NaN,NaN,NaN,NaN,NaN,NaN,NaN,1.12628398512268,6.322307174434,NaN,NaN,NaN,NaN
40,4,AC-BA-BH-BL-BU-CC-CH-DF-ER-RI-5Inulin-1Pectin,AC-BA-BH-BL-BU-CC-CH-DF-ER-RI,5Inulin-1Pectin,1,1,1,1,1,0,1,1,1,0,1,0,0,0,1,0,0,5,1,0,0,1,NaN,NaN,NaN,NaN,NaN,NaN,NaN,NaN,NaN,NaN,NaN,NaN,NaN,NaN,NaN,NaN,NaN,NaN,NaN,NaN,NaN,NaN,NaN,NaN,NaN,NaN,NaN,NaN,NaN,NaN,1.05208395098114,6.34559255230375,NaN,NaN,NaN,NaN
41,1,AC-BA-BL-BU-CH-DF-ER-FP-RI-4Inulin-1Pectin-1Starch,AC-BA-BL-BU-CH-DF-ER-FP-RI,4Inulin-1Pectin-1Starch,1,1,0,1,1,0,0,1,1,0,1,1,0,0,1,0,0,4,1,1,0,1,NaN,NaN,NaN,NaN,NaN,NaN,NaN,NaN,NaN,NaN,NaN,NaN,NaN,NaN,NaN,NaN,NaN,NaN,NaN,NaN,NaN,NaN,NaN,NaN,NaN,NaN,NaN,NaN,NaN,NaN,1.09259800286102,6.32198025262359,NaN,NaN,NaN,NaN
42,2,AC-BA-BL-BU-CH-DF-ER-FP-RI-4Inulin-1Pectin-1Starch,AC-BA-BL-BU-CH-DF-ER-FP-RI,4Inulin-1Pectin-1Starch,1,1,0,1,1,0,0,1,1,0,1,1,0,0,1,0,0,4,1,1,0,1,NaN,NaN,NaN,NaN,NaN,NaN,NaN,NaN,NaN,NaN,NaN,NaN,NaN,NaN,NaN,NaN,NaN,NaN,NaN,NaN,NaN,NaN,NaN,NaN,NaN,NaN,NaN,NaN,NaN,NaN,1.02159802288818,6.29056024371848,NaN,NaN,NaN,NaN
43,3,AC-BA-BL-BU-CH-DF-ER-FP-RI-4Inulin-1Pectin-1Starch,AC-BA-BL-BU-CH-DF-ER-FP-RI,4Inulin-1Pectin-1Starch,1,1,0,1,1,0,0,1,1,0,1,1,0,0,1,0,0,4,1,1,0,1,NaN,NaN,NaN,NaN,NaN,NaN,NaN,NaN,NaN,NaN,NaN,NaN,NaN,NaN,NaN,NaN,NaN,NaN,NaN,NaN,NaN,NaN,NaN,NaN,NaN,NaN,NaN,NaN,NaN,NaN,1.08679799408722,6.32556423481553,NaN,NaN,NaN,NaN
44,4,AC-BA-BL-BU-CH-DF-ER-FP-RI-4Inulin-1Pectin-1Starch,AC-BA-BL-BU-CH-DF-ER-FP-RI,4Inulin-1Pectin-1Starch,1,1,0,1,1,0,0,1,1,0,1,1,0,0,1,0,0,4,1,1,0,1,NaN,NaN,NaN,NaN,NaN,NaN,NaN,NaN,NaN,NaN,NaN,NaN,NaN,NaN,NaN,NaN,NaN,NaN,NaN,NaN,NaN,NaN,NaN,NaN,NaN,NaN,NaN,NaN,NaN,NaN,1.00319794983673,6.30938954665361,NaN,NaN,NaN,NaN
45,1,AC-BA-BH-BL-BU-CH-DF-ER-RI-4Inulin-1Pectin-1Starch,AC-BA-BH-BL-BU-CH-DF-ER-RI,4Inulin-1Pectin-1Starch,1,1,1,1,1,0,0,1,1,0,1,0,0,0,1,0,0,4,1,1,0,1,NaN,NaN,NaN,NaN,NaN,NaN,NaN,NaN,NaN,NaN,NaN,NaN,NaN,NaN,NaN,NaN,NaN,NaN,NaN,NaN,NaN,NaN,NaN,NaN,NaN,NaN,NaN,NaN,NaN,NaN,1.12019805283356,6.41645664838854,NaN,NaN,NaN,NaN
46,2,AC-BA-BH-BL-BU-CH-DF-ER-RI-4Inulin-1Pectin-1Starch,AC-BA-BH-BL-BU-CH-DF-ER-RI,4Inulin-1Pectin-1Starch,1,1,1,1,1,0,0,1,1,0,1,0,0,0,1,0,0,4,1,1,0,1,NaN,NaN,NaN,NaN,NaN,NaN,NaN,NaN,NaN,NaN,NaN,NaN,NaN,NaN,NaN,NaN,NaN,NaN,NaN,NaN,NaN,NaN,NaN,NaN,NaN,NaN,NaN,NaN,NaN,NaN,1.26879803509521,6.35910389413969,NaN,NaN,NaN,NaN
47,3,AC-BA-BH-BL-BU-CH-DF-ER-RI-4Inulin-1Pectin-1Starch,AC-BA-BH-BL-BU-CH-DF-ER-RI,4Inulin-1Pectin-1Starch,1,1,1,1,1,0,0,1,1,0,1,0,0,0,1,0,0,4,1,1,0,1,NaN,NaN,NaN,NaN,NaN,NaN,NaN,NaN,NaN,NaN,NaN,NaN,NaN,NaN,NaN,NaN,NaN,NaN,NaN,NaN,NaN,NaN,NaN,NaN,NaN,NaN,NaN,NaN,NaN,NaN,0.899598043869019,6.36840195381491,NaN,NaN,NaN,NaN
48,4,AC-BA-BH-BL-BU-CH-DF-ER-RI-4Inulin-1Pectin-1Starch,AC-BA-BH-BL-BU-CH-DF-ER-RI,4Inulin-1Pectin-1Starch,1,1,1,1,1,0,0,1,1,0,1,0,0,0,1,0,0,4,1,1,0,1,NaN,NaN,NaN,NaN,NaN,NaN,NaN,NaN,NaN,NaN,NaN,NaN,NaN,NaN,NaN,NaN,NaN,NaN,NaN,NaN,NaN,NaN,NaN,NaN,NaN,NaN,NaN,NaN,NaN,NaN,1.14219800801086,6.40086518429772,NaN,NaN,NaN,NaN
49,1,AC-BA-BH-BL-BU-CH-DF-ER-FP-RI-4Inulin-1Pectin-1Xylan,AC-BA-BH-BL-BU-CH-DF-ER-FP-RI,4Inulin-1Pectin-1Xylan,1,1,1,1,1,0,0,1,1,0,1,1,0,0,1,0,0,4,1,0,1,1,NaN,NaN,NaN,NaN,NaN,NaN,NaN,NaN,NaN,NaN,NaN,NaN,NaN,NaN,NaN,NaN,NaN,NaN,NaN,NaN,NaN,NaN,NaN,NaN,NaN,NaN,NaN,NaN,NaN,NaN,1.23873402651215,6.3603137076937,NaN,NaN,NaN,NaN
50,2,AC-BA-BH-BL-BU-CH-DF-ER-FP-RI-4Inulin-1Pectin-1Xylan,AC-BA-BH-BL-BU-CH-DF-ER-FP-RI,4Inulin-1Pectin-1Xylan,1,1,1,1,1,0,0,1,1,0,1,1,0,0,1,0,0,4,1,0,1,1,NaN,NaN,NaN,NaN,NaN,NaN,NaN,NaN,NaN,NaN,NaN,NaN,NaN,NaN,NaN,NaN,NaN,NaN,NaN,NaN,NaN,NaN,NaN,NaN,NaN,NaN,NaN,NaN,NaN,NaN,1.14153399046326,6.35054952514284,NaN,NaN,NaN,NaN
51,3,AC-BA-BH-BL-BU-CH-DF-ER-FP-RI-4Inulin-1Pectin-1Xylan,AC-BA-BH-BL-BU-CH-DF-ER-FP-RI,4Inulin-1Pectin-1Xylan,1,1,1,1,1,0,0,1,1,0,1,1,0,0,1,0,0,4,1,0,1,1,NaN,NaN,NaN,NaN,NaN,NaN,NaN,NaN,NaN,NaN,NaN,NaN,NaN,NaN,NaN,NaN,NaN,NaN,NaN,NaN,NaN,NaN,NaN,NaN,NaN,NaN,NaN,NaN,NaN,NaN,1.25893404062653,6.33584124018116,NaN,NaN,NaN,NaN
52,4,AC-BA-BH-BL-BU-CH-DF-ER-FP-RI-4Inulin-1Pectin-1Xylan,AC-BA-BH-BL-BU-CH-DF-ER-FP-RI,4Inulin-1Pectin-1Xylan,1,1,1,1,1,0,0,1,1,0,1,1,0,0,1,0,0,4,1,0,1,1,NaN,NaN,NaN,NaN,NaN,NaN,NaN,NaN,NaN,NaN,NaN,NaN,NaN,NaN,NaN,NaN,NaN,NaN,NaN,NaN,NaN,NaN,NaN,NaN,NaN,NaN,NaN,NaN,NaN,NaN,1.29853405531311,6.38418538067982,NaN,NaN,NaN,NaN
53,1,AC-BA-BL-BU-CC-CH-DF-ER-FP-RI-4Inulin-1Pectin-1Xylan,AC-BA-BL-BU-CC-CH-DF-ER-FP-RI,4Inulin-1Pectin-1Xylan,1,1,0,1,1,0,1,1,1,0,1,1,0,0,1,0,0,4,1,0,1,1,NaN,NaN,NaN,NaN,NaN,NaN,NaN,NaN,NaN,NaN,NaN,NaN,NaN,NaN,NaN,NaN,NaN,NaN,NaN,NaN,NaN,NaN,NaN,NaN,NaN,NaN,NaN,NaN,NaN,NaN,1.0369340377655,6.26325748378135,NaN,NaN,NaN,NaN
54,2,AC-BA-BL-BU-CC-CH-DF-ER-FP-RI-4Inulin-1Pectin-1Xylan,AC-BA-BL-BU-CC-CH-DF-ER-FP-RI,4Inulin-1Pectin-1Xylan,1,1,0,1,1,0,1,1,1,0,1,1,0,0,1,0,0,4,1,0,1,1,NaN,NaN,NaN,NaN,NaN,NaN,NaN,NaN,NaN,NaN,NaN,NaN,NaN,NaN,NaN,NaN,NaN,NaN,NaN,NaN,NaN,NaN,NaN,NaN,NaN,NaN,NaN,NaN,NaN,NaN,1.24833395059967,6.31206778209269,NaN,NaN,NaN,NaN
55,3,AC-BA-BL-BU-CC-CH-DF-ER-FP-RI-4Inulin-1Pectin-1Xylan,AC-BA-BL-BU-CC-CH-DF-ER-FP-RI,4Inulin-1Pectin-1Xylan,1,1,0,1,1,0,1,1,1,0,1,1,0,0,1,0,0,4,1,0,1,1,NaN,NaN,NaN,NaN,NaN,NaN,NaN,NaN,NaN,NaN,NaN,NaN,NaN,NaN,NaN,NaN,NaN,NaN,NaN,NaN,NaN,NaN,NaN,NaN,NaN,NaN,NaN,NaN,NaN,NaN,1.32753397997284,6.26840579010143,NaN,NaN,NaN,NaN
56,4,AC-BA-BL-BU-CC-CH-DF-ER-FP-RI-4Inulin-1Pectin-1Xylan,AC-BA-BL-BU-CC-CH-DF-ER-FP-RI,4Inulin-1Pectin-1Xylan,1,1,0,1,1,0,1,1,1,0,1,1,0,0,1,0,0,4,1,0,1,1,NaN,NaN,NaN,NaN,NaN,NaN,NaN,NaN,NaN,NaN,NaN,NaN,NaN,NaN,NaN,NaN,NaN,NaN,NaN,NaN,NaN,NaN,NaN,NaN,NaN,NaN,NaN,NaN,NaN,NaN,1.2701339917984,6.24401720716255,NaN,NaN,NaN,NaN
57,1,AC-BA-BL-BU-CC-CH-ER-FP-PC-RI-3Inulin-2Pectin-1Starch,AC-BA-BL-BU-CC-CH-ER-FP-PC-RI,3Inulin-2Pectin-1Starch,1,1,0,1,1,0,1,1,0,0,1,1,1,0,1,0,0,3,2,1,0,1,NaN,NaN,NaN,NaN,NaN,NaN,NaN,NaN,NaN,NaN,NaN,NaN,NaN,NaN,NaN,NaN,NaN,NaN,NaN,NaN,NaN,NaN,NaN,NaN,NaN,NaN,NaN,NaN,NaN,NaN,1.05220000915527,6.25693018147673,NaN,NaN,NaN,NaN
58,2,AC-BA-BL-BU-CC-CH-ER-FP-PC-RI-3Inulin-2Pectin-1Starch,AC-BA-BL-BU-CC-CH-ER-FP-PC-RI,3Inulin-2Pectin-1Starch,1,1,0,1,1,0,1,1,0,0,1,1,1,0,1,0,0,3,2,1,0,1,NaN,NaN,NaN,NaN,NaN,NaN,NaN,NaN,NaN,NaN,NaN,NaN,NaN,NaN,NaN,NaN,NaN,NaN,NaN,NaN,NaN,NaN,NaN,NaN,NaN,NaN,NaN,NaN,NaN,NaN,0.852200021076202,6.17133065469945,NaN,NaN,NaN,NaN
59,3,AC-BA-BL-BU-CC-CH-ER-FP-PC-RI-3Inulin-2Pectin-1Starch,AC-BA-BL-BU-CC-CH-ER-FP-PC-RI,3Inulin-2Pectin-1Starch,1,1,0,1,1,0,1,1,0,0,1,1,1,0,1,0,0,3,2,1,0,1,NaN,NaN,NaN,NaN,NaN,NaN,NaN,NaN,NaN,NaN,NaN,NaN,NaN,NaN,NaN,NaN,NaN,NaN,NaN,NaN,NaN,NaN,NaN,NaN,NaN,NaN,NaN,NaN,NaN,NaN,0.839600016403198,6.17624496875331,NaN,NaN,NaN,NaN
60,4,AC-BA-BL-BU-CC-CH-ER-FP-PC-RI-3Inulin-2Pectin-1Starch,AC-BA-BL-BU-CC-CH-ER-FP-PC-RI,3Inulin-2Pectin-1Starch,1,1,0,1,1,0,1,1,0,0,1,1,1,0,1,0,0,3,2,1,0,1,NaN,NaN,NaN,NaN,NaN,NaN,NaN,NaN,NaN,NaN,NaN,NaN,NaN,NaN,NaN,NaN,NaN,NaN,NaN,NaN,NaN,NaN,NaN,NaN,NaN,NaN,NaN,NaN,NaN,NaN,0.838800002861023,6.19240778557269,NaN,NaN,NaN,NaN
61,1,AC-BA-BH-BL-BU-CH-DF-FP-RI-4Inulin-1Pectin-1Xylan,AC-BA-BH-BL-BU-CH-DF-FP-RI,4Inulin-1Pectin-1Xylan,1,1,1,1,1,0,0,1,1,0,0,1,0,0,1,0,0,4,1,0,1,1,NaN,NaN,NaN,NaN,NaN,NaN,NaN,NaN,NaN,NaN,NaN,NaN,NaN,NaN,NaN,NaN,NaN,NaN,NaN,NaN,NaN,NaN,NaN,NaN,NaN,NaN,NaN,NaN,NaN,NaN,1.19393398340607,6.36272431531682,NaN,NaN,NaN,NaN
62,2,AC-BA-BH-BL-BU-CH-DF-FP-RI-4Inulin-1Pectin-1Xylan,AC-BA-BH-BL-BU-CH-DF-FP-RI,4Inulin-1Pectin-1Xylan,1,1,1,1,1,0,0,1,1,0,0,1,0,0,1,0,0,4,1,0,1,1,NaN,NaN,NaN,NaN,NaN,NaN,NaN,NaN,NaN,NaN,NaN,NaN,NaN,NaN,NaN,NaN,NaN,NaN,NaN,NaN,NaN,NaN,NaN,NaN,NaN,NaN,NaN,NaN,NaN,NaN,1.27873398836517,6.30534395932519,NaN,NaN,NaN,NaN
63,3,AC-BA-BH-BL-BU-CH-DF-FP-RI-4Inulin-1Pectin-1Xylan,AC-BA-BH-BL-BU-CH-DF-FP-RI,4Inulin-1Pectin-1Xylan,1,1,1,1,1,0,0,1,1,0,0,1,0,0,1,0,0,4,1,0,1,1,NaN,NaN,NaN,NaN,NaN,NaN,NaN,NaN,NaN,NaN,NaN,NaN,NaN,NaN,NaN,NaN,NaN,NaN,NaN,NaN,NaN,NaN,NaN,NaN,NaN,NaN,NaN,NaN,NaN,NaN,1.21413399752045,6.30905371411861,NaN,NaN,NaN,NaN
64,4,AC-BA-BH-BL-BU-CH-DF-FP-RI-4Inulin-1Pectin-1Xylan,AC-BA-BH-BL-BU-CH-DF-FP-RI,4Inulin-1Pectin-1Xylan,1,1,1,1,1,0,0,1,1,0,0,1,0,0,1,0,0,4,1,0,1,1,NaN,NaN,NaN,NaN,NaN,NaN,NaN,NaN,NaN,NaN,NaN,NaN,NaN,NaN,NaN,NaN,NaN,NaN,NaN,NaN,NaN,NaN,NaN,NaN,NaN,NaN,NaN,NaN,NaN,NaN,1.05673398550415,6.37898092607665,NaN,NaN,NaN,NaN
33,1,AC-BA-BL-BU-CH-DF-ER-FP-RI-5Inulin-1Pectin,AC-BA-BL-BU-CH-DF-ER-FP-RI,5Inulin-1Pectin,1,1,0,1,1,0,0,1,1,0,1,1,0,0,1,0,0,5,1,0,0,2,0.054739652870494,0.00100133511348465,0,0.127837116154873,0.194592790387183,0,0.000667556742323097,0.0597463284379172,0.342790387182911,0,0.157877169559413,0.051068090787717,0,0,0.00467289719626168,0.0657907136710133,0.00120348866471366,0,0.15364538619511,0.233877963842687,0,0.000802325776475771,0.0718081569945815,0.411994286220309,0,0.18975004613652,0.0613779219003965,0,0,0.0056162804353304,1.20188401316071,6.21093322822533,NaN,NaN,NaN,2996
34,2,AC-BA-BL-BU-CH-DF-ER-FP-RI-5Inulin-1Pectin,AC-BA-BL-BU-CH-DF-ER-FP-RI,5Inulin-1Pectin,1,1,0,1,1,0,0,1,1,0,1,1,0,0,1,0,0,5,1,0,0,2,0.0845138055222089,0.00360144057623049,0.000240096038415366,0.202641056422569,0.156782713085234,0,0.000240096038415366,0.00528211284513806,0.362064825930372,0,0.112364945978391,0.0665066026410564,0,0,0.00120048019207683,0.11736297087798,0.00500126296355029,0.000333417530903353,0.28140439608243,0.217721647679889,0,0.000333417530903353,0.00733518567987376,0.502793636602256,0,0.156039404462769,0.0923566560602287,0,0,0.00166708765451676,1.38868401621246,6.1354080933134,NaN,NaN,NaN,4165
35,3,AC-BA-BL-BU-CH-DF-ER-FP-RI-5Inulin-1Pectin,AC-BA-BL-BU-CH-DF-ER-FP-RI,5Inulin-1Pectin,1,1,0,1,1,0,0,1,1,0,1,1,0,0,1,0,0,5,1,0,0,2,0.0999309233248906,0.00299332258807276,0.000230255583697905,0.184434722542022,0.138844116969837,0,0.000230255583697905,0.00782868984572876,0.273773889016809,0,0.224499194105457,0.062859774349528,0.000230255583697905,0,0.00138153350218743,0.105415537914988,0.00315760827855956,0.000242892944504582,0.19455724854817,0.146464445536263,0,0.000242892944504582,0.00825836011315578,0.288799711015948,0,0.236820620891967,0.0663097738497508,0.000242892944504582,0,0.00145735766702749,1.0548840579834,6.10999945424454,NaN,NaN,NaN,4343
36,4,AC-BA-BL-BU-CH-DF-ER-FP-RI-5Inulin-1Pectin,AC-BA-BL-BU-CH-DF-ER-FP-RI,5Inulin-1Pectin,1,1,0,1,1,0,0,1,1,0,1,1,0,0,1,0,0,5,1,0,0,2,0.0813186813186813,0.00201465201465201,0,0.213736263736264,0.130769230769231,0,0,0.00201465201465201,0.358791208791209,0,0.139194139194139,0.0604395604395604,0,0,0.000732600732600733,0.112210346151515,0.00277998605330331,0,0.294931247654997,0.180446367459869,0,0,0.00277998605330331,0.495090243492835,0,0.192071763682774,0.0833995815990993,0,0,0.00101090401938302,1.37988398645782,6.08258207247332,NaN,NaN,NaN,5460
37,1,AC-BA-BH-BL-BU-CC-CH-DF-ER-RI-5Inulin-1Pectin,AC-BA-BH-BL-BU-CC-CH-DF-ER-RI,5Inulin-1Pectin,1,1,1,1,1,0,1,1,1,0,1,0,0,0,1,0,0,5,1,0,0,2,0.0174031735198772,0.00221805152704317,0.115338679406245,0.26241255758403,0.174884831939942,0,0.198259682648012,0.00801910936700222,0.0310527213786043,0,0.129841324006142,0,0,0,0.0481146562020133,0.0243241364808837,0.00310013504168125,0.161207022167425,0.366769822623521,0.244433724440253,0,0.277104378341047,0.0112081805353091,0.0434018905835375,0,0.181477135901495,0,0,0,0.0672490832118549,1.39768395994568,6.13102353444812,NaN,NaN,NaN,5861
38,2,AC-BA-BH-BL-BU-CC-CH-DF-ER-RI-5Inulin-1Pectin,AC-BA-BH-BL-BU-CC-CH-DF-ER-RI,5Inulin-1Pectin,1,1,1,1,1,0,1,1,1,0,1,0,0,0,1,0,0,5,1,0,0,2,0.0250855188141391,0.00266058532877233,0.17597871531737,0.221778791334094,0.17597871531737,0,0.146332193082478,0.0032307107563664,0.0307867730900798,0,0.179019384264538,0,0.000190041809198024,0,0.032497149372862,0.0344395078374673,0.00365267507367078,0.241598365587082,0.3044765579267,0.241598365587082,0,0.200897129051893,0.00443539116088595,0.042266668709619,0,0.245772851385562,0,0.000260905362405056,0,0.0446148169712645,1.3728840169754,6.17713298347145,NaN,NaN,NaN,5262
39,3,AC-BA-BH-BL-BU-CC-CH-DF-ER-RI-5Inulin-1Pectin,AC-BA-BH-BL-BU-CC-CH-DF-ER-RI,5Inulin-1Pectin,1,1,1,1,1,0,1,1,1,0,1,0,0,0,1,0,0,5,1,0,0,2,0.0218372134993683,0.00126330987186428,0.0492690850027071,0.373578776394153,0.164049810503519,0,0.204656199242014,0.0072189135535102,0.0227395776935571,0,0.116765926728027,0,0,0,0.0304999097635806,0.0280364496786768,0.00162194336984081,0.0632557914237914,0.479631825081495,0.210620931883613,0,0.262754825914211,0.00926824782766174,0.0291949806571345,0,0.149913908612429,0,0,0,0.0391583470718709,1.28388403032684,6.19454998714845,NaN,NaN,NaN,5541
40,4,AC-BA-BH-BL-BU-CC-CH-DF-ER-RI-5Inulin-1Pectin,AC-BA-BH-BL-BU-CC-CH-DF-ER-RI,5Inulin-1Pectin,1,1,1,1,1,0,1,1,1,0,1,0,0,0,1,0,0,5,1,0,0,2,0.0186381709741551,0.00422465208747515,0.073558648111332,0.287524850894632,0.182157057654076,0,0.189612326043738,0.0077037773359841,0.029324055666004,0,0.152335984095427,0.000248508946322068,0,0,0.0457256461232604,0.0256104121089219,0.00580502674468896,0.101075759789878,0.395083290800301,0.25029909434453,0,0.260543259188098,0.010585637005021,0.0402937150513704,0,0.209322434970255,0.000341472161452291,0,0,0.0628308777072216,1.37408397768402,6.25430016020362,NaN,NaN,NaN,4024
41,1,AC-BA-BL-BU-CH-DF-ER-FP-RI-4Inulin-1Pectin-1Starch,AC-BA-BL-BU-CH-DF-ER-FP-RI,4Inulin-1Pectin-1Starch,1,1,0,1,1,0,0,1,1,0,1,1,0,0,1,0,0,4,1,1,0,2,0.0789033767970578,0.132397191574724,0.000334336342360415,0.0815780675359412,0.0946171848879973,0,0,0.00969575392845202,0.410565028418589,0,0.125376128385155,0.054831160147108,0,0,0.00936141758609161,0.0893815872634076,0.149979273543684,0.000378735539251727,0.0924114715774215,0.107182157608239,0,0,0.0109833306383001,0.465087242201121,0,0.142025827219398,0.0621126284372833,0,0,0.0106045950990484,1.13279799790192,6.13053381148404,NaN,NaN,NaN,2991
42,2,AC-BA-BL-BU-CH-DF-ER-FP-RI-4Inulin-1Pectin-1Starch,AC-BA-BL-BU-CH-DF-ER-FP-RI,4Inulin-1Pectin-1Starch,1,1,0,1,1,0,0,1,1,0,1,1,0,0,1,0,0,4,1,1,0,2,0.0871395495685119,0.130498842348979,0,0.0934540096821722,0.0957693117238476,0,0,0.00989265417806777,0.401599663228794,0,0.0997684697958325,0.0606188170911387,0,0,0.0151547042727847,0.116662251924213,0.174711585007276,0,0.125116038295533,0.128215759965017,0,0,0.0132442653150677,0.537660813215939,0,0.133569824666853,0.0811563491646701,0,0,0.0202890872911675,1.33879796833801,6.0970195189655,NaN,NaN,NaN,4751
43,3,AC-BA-BL-BU-CH-DF-ER-FP-RI-4Inulin-1Pectin-1Starch,AC-BA-BL-BU-CH-DF-ER-FP-RI,4Inulin-1Pectin-1Starch,1,1,0,1,1,0,0,1,1,0,1,1,0,0,1,0,0,4,1,1,0,2,0.0158163265306122,0.0982142857142857,0,0.0505102040816327,0.117091836734694,0,0.000255102040816327,0.127040816326531,0.463775510204082,0,0.0729591836734694,0.0397959183673469,0.000510204081632653,0,0.013265306122449,0.0167716014005155,0.104146234503201,0,0.0535609206016463,0.124163952303816,0,0.000270509700008314,0.134713830604141,0.491786634615116,0,0.0773657742023779,0.0421995132012971,0.000541019400016629,0,0.0140665044004324,1.06039802403259,6.2072026668372,NaN,NaN,NaN,3920
44,4,AC-BA-BL-BU-CH-DF-ER-FP-RI-4Inulin-1Pectin-1Starch,AC-BA-BL-BU-CH-DF-ER-FP-RI,4Inulin-1Pectin-1Starch,1,1,0,1,1,0,0,1,1,0,1,1,0,0,1,0,0,4,1,1,0,2,0.0372371213582867,0.129461701717152,0,0.0937680879799344,0.0918387034535983,0,0.00019293845263361,0.0565309666216477,0.450125409994212,0,0.0829635346324522,0.0335712907582481,0,0.00038587690526722,0.0165927069264904,0.0384435306174933,0.133656005411078,0,0.0968059890160712,0.0948140962379628,0,0.000199189277810846,0.0583624583985779,0.464708585132704,0,0.0856513894586639,0.0346589343390872,0,0.000398378555621692,0.0171302778917328,1.03239802689362,6.13248963047964,NaN,NaN,NaN,5183
45,1,AC-BA-BH-BL-BU-CH-DF-ER-RI-4Inulin-1Pectin-1Starch,AC-BA-BH-BL-BU-CH-DF-ER-RI,4Inulin-1Pectin-1Starch,1,1,1,1,1,0,0,1,1,0,1,0,0,0,1,0,0,4,1,1,0,2,0.0150928792569659,0.16311919504644,0.00928792569659443,0.241679566563467,0.123839009287926,0,0.000386996904024768,0.0110294117647059,0.251934984520124,0,0.0634674922600619,0,0,0,0.111648606811146,0.0160195511263856,0.173134379481322,0.009858185308545,0.256518196882765,0.1314424707806,0,0.000410757721189375,0.0117065950538972,0.267403276494283,0,0.0673642662750575,0,0,0,0.118503602563135,1.06139795155334,6.26140522959952,NaN,NaN,NaN,5168
46,2,AC-BA-BH-BL-BU-CH-DF-ER-RI-4Inulin-1Pectin-1Starch,AC-BA-BH-BL-BU-CH-DF-ER-RI,4Inulin-1Pectin-1Starch,1,1,1,1,1,0,0,1,1,0,1,0,0,0,1,0,0,4,1,1,0,2,0.0152582159624413,0.142018779342723,0.0255868544600939,0.141784037558685,0.131924882629108,0,0.000704225352112676,0.00821596244131455,0.311971830985915,0,0.0683098591549296,0,0,0,0.148591549295775,0.0187553688560002,0.174569202428925,0.0314513108508312,0.174280658292679,0.16216180457034,0,0.000865632408738472,0.0100990447686155,0.383475157071143,0,0.0839663436476318,0,0,0,0.182648438243818,1.22919802040863,6.19838157303158,NaN,NaN,NaN,4260
47,3,AC-BA-BH-BL-BU-CH-DF-ER-RI-4Inulin-1Pectin-1Starch,AC-BA-BH-BL-BU-CH-DF-ER-RI,4Inulin-1Pectin-1Starch,1,1,1,1,1,0,0,1,1,0,1,0,0,0,1,0,0,4,1,1,0,2,0.0107025246981339,0.13172338090011,0.015642151481888,0.159714599341383,0.117178924259056,0,0,0.0115257958287596,0.306256860592755,0,0.0823271130625686,0,0,0,0.163556531284303,0.0148829092360412,0.183174267520507,0.0217519442680602,0.222098799368614,0.162948775481784,0,0,0.0160277484080443,0.425880171985178,0,0.114483917200317,0,0,0,0.227441382171296,1.39059798092651,6.27530498855991,NaN,NaN,NaN,3644
48,4,AC-BA-BH-BL-BU-CH-DF-ER-RI-4Inulin-1Pectin-1Starch,AC-BA-BH-BL-BU-CH-DF-ER-RI,4Inulin-1Pectin-1Starch,1,1,1,1,1,0,0,1,1,0,1,0,0,0,1,0,0,4,1,1,0,2,0.0178616994131156,0.124521561622863,0.0280683847920388,0.177341158458791,0.0944118397550396,0,0,0.006379178361827,0.343965297269712,0,0.06710895636642,0,0,0,0.133197244194948,0.0275998623017323,0.192410468617791,0.0433712121884365,0.274027204281485,0.145884986452014,0,0,0.00985709367919011,0.531494491181931,0,0.10369662550508,0,0,0,0.205816116021489,1.54519800514984,6.22235451744707,NaN,NaN,NaN,3919
49,1,AC-BA-BH-BL-BU-CH-DF-ER-FP-RI-4Inulin-1Pectin-1Xylan,AC-BA-BH-BL-BU-CH-DF-ER-FP-RI,4Inulin-1Pectin-1Xylan,1,1,1,1,1,0,0,1,1,0,1,1,0,0,1,0,0,4,1,0,1,2,0.0416966211358735,0.107476635514019,0.126527677929547,0.117181883537024,0.1078360891445,0,0,0.00215672178289001,0.347951114306254,0,0.0704529115744069,0.0416966211358735,0,0,0.0330697340043134,0.0542695683040331,0.139884490714706,0.164680069336376,0.152516200578576,0.140352331820775,0,0,0.0028070466364155,0.452870190675035,0,0.0916968567895732,0.0542695683040331,0,0,0.0430413817583711,1.30153395708466,6.14548158778969,NaN,NaN,NaN,2782
50,2,AC-BA-BH-BL-BU-CH-DF-ER-FP-RI-4Inulin-1Pectin-1Xylan,AC-BA-BH-BL-BU-CH-DF-ER-FP-RI,4Inulin-1Pectin-1Xylan,1,1,1,1,1,0,0,1,1,0,1,1,0,0,1,0,0,4,1,0,1,2,0.0439417576703068,0.0969838793551742,0.154186167446698,0.133125325013001,0.0954238169526781,0,0.000260010400416017,0.00208008320332813,0.30551222048882,0,0.104264170566823,0.030941237649506,0,0,0.031721268850754,0.0554428109211894,0.122367860790554,0.194541934179085,0.167968752613308,0.120399476970867,0,0.000328063969947867,0.00262451175958293,0.385475164688743,0,0.131553651949094,0.0390396124237961,0,0,0.0400238043336397,1.26173402841949,6.10121260320988,NaN,NaN,NaN,3846
51,3,AC-BA-BH-BL-BU-CH-DF-ER-FP-RI-4Inulin-1Pectin-1Xylan,AC-BA-BH-BL-BU-CH-DF-ER-FP-RI,4Inulin-1Pectin-1Xylan,1,1,1,1,1,0,0,1,1,0,1,1,0,0,1,0,0,4,1,0,1,2,0.0341274951706375,0.121914573942906,0.0764112470487229,0.122987765614939,0.127924447306289,0,0,0.00880017171066753,0.341704228375188,0,0.0950847821420906,0.0397080918652071,0,0,0.0291908134792874,0.0429096604750388,0.153287340564919,0.0960744599315335,0.154636700957215,0.160843758761781,0,0,0.0110647552168339,0.429636348907307,0,0.119553330757498,0.0499263345149823,0,0,0.0367026026704735,1.25733401354218,6.16862828467359,NaN,NaN,NaN,4659
52,4,AC-BA-BH-BL-BU-CH-DF-ER-FP-RI-4Inulin-1Pectin-1Xylan,AC-BA-BH-BL-BU-CH-DF-ER-FP-RI,4Inulin-1Pectin-1Xylan,1,1,1,1,1,0,0,1,1,0,1,1,0,0,1,0,0,4,1,0,1,2,0.0429633070134696,0.0933581049698096,0.093822573153739,0.118671620993962,0.117278216442174,0,0,0.00975383186251742,0.329772410589875,0,0.118439386901997,0.0383186251741756,0.000464468183929401,0,0.034138411518811,0.0503845326817517,0.10948422777332,0.110028925423934,0.139170249731758,0.137536156779917,0,0,0.0114386506628842,0.386735331935608,0,0.138897900906451,0.0449375561756164,0.000544697650613532,0,0.0400352773200946,1.17273404177094,6.14926276924051,NaN,NaN,NaN,4306
53,1,AC-BA-BL-BU-CC-CH-DF-ER-FP-RI-4Inulin-1Pectin-1Xylan,AC-BA-BL-BU-CC-CH-DF-ER-FP-RI,4Inulin-1Pectin-1Xylan,1,1,0,1,1,0,1,1,1,0,1,1,0,0,1,0,0,4,1,0,1,2,0.0226605119597146,0.116240033571129,0.000209819555182543,0.087704574066303,0.180444817456987,0,0.0606378514477549,0.116659672681494,0.125052454888796,0,0.205832983634075,0.0566512798992866,0,0,0.0251783466219052,0.0238011060865741,0.122090858999649,0.000220380611912723,0.0921190957795182,0.189527326244942,0,0.0636899968427769,0.122531620223474,0.131346844699983,0,0.216193380286381,0.0595027652164352,0,0,0.0264456734295268,1.05033399637604,6.19965187687211,NaN,NaN,NaN,4766
54,2,AC-BA-BL-BU-CC-CH-DF-ER-FP-RI-4Inulin-1Pectin-1Xylan,AC-BA-BL-BU-CC-CH-DF-ER-FP-RI,4Inulin-1Pectin-1Xylan,1,1,0,1,1,0,1,1,1,0,1,1,0,0,1,0,0,4,1,0,1,2,0.0375565610859728,0.144570135746606,0,0.0986425339366516,0.159502262443439,0,0.0961538461538462,0.0536199095022624,0.151809954751131,0,0.161538461538462,0.0538461538461538,0,0,0.0380090497737557,0.0401154386871959,0.154420273018784,0,0.105363441371189,0.170369784785983,0,0.10270518940999,0.0572732468003942,0.162153369633184,0,0.172544718208783,0.0575149060695942,0,0,0.0405987572255959,1.06813396986389,6.14879178848481,NaN,NaN,NaN,4420
55,3,AC-BA-BL-BU-CC-CH-DF-ER-FP-RI-4Inulin-1Pectin-1Xylan,AC-BA-BL-BU-CC-CH-DF-ER-FP-RI,4Inulin-1Pectin-1Xylan,1,1,0,1,1,0,1,1,1,0,1,1,0,0,1,0,0,4,1,0,1,2,0.0433115271824949,0.152041506880217,0,0.232573877735168,0.0893300248138958,0,0.167155425219941,0.00180464696593729,0.107150913602527,0,0.122715993683736,0.0509812767877284,0,0,0.0284231897135123,0.0488612077860868,0.171523198165742,0,0.262374506392997,0.100776241058804,0,0.188573723799429,0.00203588365775362,0.120880592179121,0,0.138440088727246,0.0575137133315396,0,0,0.0320651676096194,1.12813403185272,6.07047715354999,NaN,NaN,NaN,4433
56,4,AC-BA-BL-BU-CC-CH-DF-ER-FP-RI-4Inulin-1Pectin-1Xylan,AC-BA-BL-BU-CC-CH-DF-ER-FP-RI,4Inulin-1Pectin-1Xylan,1,1,0,1,1,0,1,1,1,0,1,1,0,0,1,0,0,4,1,0,1,2,0.0361166335321405,0.150762094102054,0,0.244864148442677,0.0831676607024519,0,0.162359178263751,0.00596421471172962,0.112326043737575,0,0.112657388999337,0.0669317428760769,0,0,0.0172299536116634,0.04190735823865,0.174934385308126,0,0.284124199434517,0.0965022653018453,0,0.188390876485674,0.00692048117702477,0.130335728833966,0,0.130720200010468,0.0776631776532779,0,0,0.0199925011780715,1.16033401068115,6.08203864199485,NaN,NaN,NaN,3018
57,1,AC-BA-BL-BU-CC-CH-ER-FP-PC-RI-3Inulin-2Pectin-1Starch,AC-BA-BL-BU-CC-CH-ER-FP-PC-RI,3Inulin-2Pectin-1Starch,1,1,0,1,1,0,1,1,0,0,1,1,1,0,1,0,0,3,2,1,0,2,0.166135881104034,0.130573248407643,0,0.0138004246284501,0.310509554140127,0,0.0578556263269639,0.0621019108280255,0,0,0.101910828025478,0.0923566878980892,0.0530785562632696,0,0.00265392781316348,0.201090876255521,0.158045864405298,0,0.0167040344493404,0.37584077511016,0,0.0700284521145426,0.0751681550220319,0,0,0.123352869779745,0.111788538237894,0.0642462863436171,0,0.00321231431718085,1.21040003471375,6.17312363263809,NaN,NaN,NaN,1884
58,2,AC-BA-BL-BU-CC-CH-ER-FP-PC-RI-3Inulin-2Pectin-1Starch,AC-BA-BL-BU-CC-CH-ER-FP-PC-RI,3Inulin-2Pectin-1Starch,1,1,0,1,1,0,1,1,0,0,1,1,1,0,1,0,0,3,2,1,0,2,0.156011575901079,0.13312286240463,0,0.0202578268876611,0.258879242304657,0,0.0723493817416469,0.107077084977637,0.000263088660878716,0,0.0610365693238621,0.105761641673244,0.0773480662983425,0,0.000526177321757432,0.193204740565289,0.16485935704222,0,0.0250872934629465,0.320596061916095,0,0.0895974766533803,0.132604265447003,0.000325809006012292,0,0.0755876893948518,0.130975220416941,0.0957878477676139,0,0.000651618012024584,1.23840003185272,6.2378168098257,NaN,NaN,NaN,3801
59,3,AC-BA-BL-BU-CC-CH-ER-FP-PC-RI-3Inulin-2Pectin-1Starch,AC-BA-BL-BU-CC-CH-ER-FP-PC-RI,3Inulin-2Pectin-1Starch,1,1,0,1,1,0,1,1,0,0,1,1,1,0,1,0,0,3,2,1,0,2,0.205409356725146,0.111111111111111,0,0.0233918128654971,0.280701754385965,0,0.0899122807017544,0.0519005847953216,0.000730994152046784,0,0.0928362573099415,0.0921052631578947,0.0504385964912281,0,0.00146198830409357,0.222047518694471,0.120111113315158,0,0.0252865501716123,0.303438602059348,0,0.0971951772221348,0.0561045331932648,0.000790204692862884,0,0.100355995993586,0.0995657913007234,0.054524123807539,0,0.00158040938572577,1.08100001983643,6.08149457494161,NaN,NaN,NaN,1368
60,4,AC-BA-BL-BU-CC-CH-ER-FP-PC-RI-3Inulin-2Pectin-1Starch,AC-BA-BL-BU-CC-CH-ER-FP-PC-RI,3Inulin-2Pectin-1Starch,1,1,0,1,1,0,1,1,0,0,1,1,1,0,1,0,0,3,2,1,0,2,0.19189453125,0.107666015625,0.000244140625,0.012939453125,0.282958984375,0,0.058349609375,0.099853515625,0,0,0.074951171875,0.10009765625,0.0625,0.000244140625,0.001220703125,0.219412207653467,0.123105322614731,0.000279150391416624,0.0147949707450811,0.323535303651867,0,0.0667169435485732,0.114172510089399,0,0,0.0856991701649036,0.114451660480816,0.0714625002026558,0.000279150391416624,0.00139575195708312,1.14340000324249,6.10948714393397,NaN,NaN,NaN,4096
61,1,AC-BA-BH-BL-BU-CH-DF-FP-RI-4Inulin-1Pectin-1Xylan,AC-BA-BH-BL-BU-CH-DF-FP-RI,4Inulin-1Pectin-1Xylan,1,1,1,1,1,0,0,1,1,0,0,1,0,0,1,0,0,4,1,0,1,2,0.0259433962264151,0.142452830188679,0.0495283018867925,0.151415094339623,0.185377358490566,0,0,0.0268867924528302,0.343867924528302,0,0.000471698113207547,0.0259433962264151,0,0,0.0476415094339623,0.0312393256547856,0.171532297231732,0.0596387126136816,0.182324064276112,0.223219181496922,0,0,0.0323753011331414,0.414063061860704,0,0.00056798773917792,0.0312393256547856,0,0,0.0573667616569699,1.20413400705719,6.18548649809019,NaN,NaN,NaN,2120
62,2,AC-BA-BH-BL-BU-CH-DF-FP-RI-4Inulin-1Pectin-1Xylan,AC-BA-BH-BL-BU-CH-DF-FP-RI,4Inulin-1Pectin-1Xylan,1,1,1,1,1,0,0,1,1,0,0,1,0,0,1,0,0,4,1,0,1,2,0.0237226277372263,0.140510948905109,0.185766423357664,0.169343065693431,0.104014598540146,0,0,0.00328467153284672,0.284306569343066,0,0,0.018978102189781,0,0,0.0594890510948905,0.0309801854662512,0.183498021607796,0.242598683112644,0.22115086240524,0.135836197813563,0,0,0.00428956414148094,0.371285607357073,0,0,0.024784148373001,0,0,0.0776887727845992,1.30593397196198,6.06936088674769,NaN,NaN,NaN,2740
63,3,AC-BA-BH-BL-BU-CH-DF-FP-RI-4Inulin-1Pectin-1Xylan,AC-BA-BH-BL-BU-CH-DF-FP-RI,4Inulin-1Pectin-1Xylan,1,1,1,1,1,0,0,1,1,0,0,1,0,0,1,0,0,4,1,0,1,2,0.0273544353262993,0.145760062524424,0.088315748339195,0.275498241500586,0.107854630715123,0,0,0.00117233294255569,0.282923016803439,0,0.000390777647518562,0.0257913247362251,0,0,0.0429855412270418,0.035881742341346,0.191198427047458,0.115846768130632,0.361380405009271,0.141476584088736,0,0,0.00153778895748626,0.37111973507335,0,0.000512596319162086,0.0338313570646977,0,0,0.0563855951078295,1.31173398073578,6.10277532140865,NaN,NaN,NaN,2559
64,4,AC-BA-BH-BL-BU-CH-DF-FP-RI-4Inulin-1Pectin-1Xylan,AC-BA-BH-BL-BU-CH-DF-FP-RI,4Inulin-1Pectin-1Xylan,1,1,1,1,1,0,0,1,1,0,0,1,0,0,1,0,0,4,1,0,1,2,0.0264462809917355,0.136363636363636,0.130578512396694,0.159504132231405,0.0826446280991736,0,0.000826446280991736,0.00247933884297521,0.294214876033058,0,0,0.103305785123967,0,0,0.0528925619834711,0.0337225517231082,0.173881907322277,0.166505099132847,0.203389140079996,0.105382974134713,0,0.00105382974134713,0.0031614892240414,0.375163387919579,0,0,0.131728717668391,0,0,0.0674451034462164,1.27513398703003,6.12709129663649,NaN,NaN,NaN,1210
33,1,AC-BA-BL-BU-CH-DF-ER-FP-RI-5Inulin-1Pectin,AC-BA-BL-BU-CH-DF-ER-FP-RI,5Inulin-1Pectin,1,1,0,1,1,0,0,1,1,0,1,1,0,0,1,0,0,5,1,0,0,3,0.0723083035359555,0.00158919348430671,0,0.299562971791816,0.120381406436234,0,0.000794596742153357,0.00635677393722686,0.141438220103298,0,0.297179181565356,0.044497417560588,0,0,0.00158919348430671,0.096421968397599,0.00211916414060657,0,0.399462440504339,0.160526683650948,0,0.00105958207030329,0.00847665656242628,0.188605608513985,0,0.396283694293429,0.059336595936984,0,0,0.00211916414060657,1.33348403547668,6.10536825150231,0,16.9492587,24.71193,2517
34,2,AC-BA-BL-BU-CH-DF-ER-FP-RI-5Inulin-1Pectin,AC-BA-BL-BU-CH-DF-ER-FP-RI,5Inulin-1Pectin,1,1,0,1,1,0,0,1,1,0,1,1,0,0,1,0,0,5,1,0,0,3,0.0970464135021097,0.00150693188667872,0.000301386377335744,0.271549125979506,0.0973477998794454,0,0,0.00120554550934298,0.30168776371308,0,0.180831826401447,0.04249547920434,0,0,0,0.147887480661867,0.00229638945127123,0.000459277890254245,0.413809379119075,0.148346758552121,0,0,0.00183711156101698,0.4597371681445,0,0.275566734152547,0.0647581825258486,0,0,0,1.52388403986359,6.08744455090442,0,15.1994829,26.12272002,3318
35,3,AC-BA-BL-BU-CH-DF-ER-FP-RI-5Inulin-1Pectin,AC-BA-BL-BU-CH-DF-ER-FP-RI,5Inulin-1Pectin,1,1,0,1,1,0,0,1,1,0,1,1,0,0,1,0,0,5,1,0,0,3,0.104999070804683,0.00111503438022672,0.000371678126742241,0.237316483924921,0.123768816205166,0,0.000185839063371121,0,0.209998141609366,0,0.277271882549712,0.0403270767515332,0,0,0.000371678126742241,0.121702737136696,0.00129241844746934,0.000430806149156447,0.275069726236391,0.143458447669097,0,0.000215403074578223,0,0.243405474273392,0,0.321381387270709,0.0467424671834745,0,0,0.000430806149156447,1.15908394430542,6.11306154417168,0,17.1431841,24.338130248,5381
36,4,AC-BA-BL-BU-CH-DF-ER-FP-RI-5Inulin-1Pectin,AC-BA-BL-BU-CH-DF-ER-FP-RI,5Inulin-1Pectin,1,1,0,1,1,0,0,1,1,0,1,1,0,0,1,0,0,5,1,0,0,3,0.0808004052684904,0.000506585612968592,0.000253292806484296,0.337132725430598,0.0927051671732523,0,0.000253292806484296,0.000506585612968592,0.194022289766971,0,0.249746707193516,0.0301418439716312,0,0,0,0.115729125995137,0.000725574457649764,0.000362787228824882,0.482869801565918,0.132780125749907,0,0.000362787228824882,0.000725574457649764,0.27789501727986,0,0.357708207621334,0.043171680230161,0,0,0,1.43228397940063,6.09119161461173,0,15.3364897,26.33079581,3948
37,1,AC-BA-BH-BL-BU-CC-CH-DF-ER-RI-5Inulin-1Pectin,AC-BA-BH-BL-BU-CC-CH-DF-ER-RI,5Inulin-1Pectin,1,1,1,1,1,0,1,1,1,0,1,0,0,0,1,0,0,5,1,0,0,3,0.0291996481970097,0.000527704485488127,0.0731750219876869,0.207915567282322,0.164116094986807,0,0.270184696569921,0.00369393139841689,0.0191732629727353,0,0.191204925241865,0,0,0,0.0328935795954266,0.0496710543424232,0.000897669656790781,0.124476859074988,0.353681844775568,0.279175263261933,0,0.45960686427688,0.00628368759753547,0.0326153308633984,0,0.325255638977193,0,0,0,0.0559547419399587,1.70108399961853,6.21010675847478,0,18.8973782,23.860044812,5685
38,2,AC-BA-BH-BL-BU-CC-CH-DF-ER-RI-5Inulin-1Pectin,AC-BA-BH-BL-BU-CC-CH-DF-ER-RI,5Inulin-1Pectin,1,1,1,1,1,0,1,1,1,0,1,0,0,0,1,0,0,5,1,0,0,3,0.0377890580936266,0.000188005264147396,0.0601616845271668,0.22165820642978,0.14946418499718,0,0.287272043617221,0.0050761421319797,0.0212445948486558,0,0.195713479977439,0,0,0,0.0154164316600865,0.0507160914534188,0.000252318862952333,0.0807420361447464,0.2974839394208,0.200593496047104,0,0.385543222591164,0.00681260929971298,0.0285120315136136,0,0.262663936333378,0,0,0,0.0206901467620913,1.34208403204346,6.21134592126999,0.01893337,17.6667326,23.251300906,5319
39,3,AC-BA-BH-BL-BU-CC-CH-DF-ER-RI-5Inulin-1Pectin,AC-BA-BH-BL-BU-CC-CH-DF-ER-RI,5Inulin-1Pectin,1,1,1,1,1,0,1,1,1,0,1,0,0,0,1,0,0,5,1,0,0,3,0.0255722829449371,0.000618684264796865,0.0934213239843267,0.249329758713137,0.106207465456795,0,0.268302742833574,0.00701175500103114,0.0173231594143122,0,0.196122911940606,0,0,0,0.0303155289750464,0.0358596034220143,0.000867571050532603,0.131003228630423,0.349631133364639,0.14893303034143,0,0.376236645580972,0.00983247190603617,0.0242919894149129,0,0.275020023018835,0,0,0,0.0425109814760976,1.40228400801086,6.09331931194475,0,18.2036227,26.83996872,4849
40,4,AC-BA-BH-BL-BU-CC-CH-DF-ER-RI-5Inulin-1Pectin,AC-BA-BH-BL-BU-CC-CH-DF-ER-RI,5Inulin-1Pectin,1,1,1,1,1,0,1,1,1,0,1,0,0,0,1,0,0,5,1,0,0,3,0.0294722412611378,0.00137080191912269,0.129083847384053,0.240804203792552,0.109435686543294,0,0.263422435458076,0.00411240575736806,0.0166780900159927,0,0.166095499200366,0,0,0,0.0308430431802605,0.0492741698397191,0.00229182185301019,0.215813224491793,0.402596705512124,0.18296377793198,0,0.440411766086792,0.00687546555903058,0.0278838325449573,0,0.277692414523068,0,0,0,0.0515659916927293,1.67188404177094,6.15161059297819,0.02260379,17.2728848,28.187083664,4377
41,1,AC-BA-BL-BU-CH-DF-ER-FP-RI-4Inulin-1Pectin-1Starch,AC-BA-BL-BU-CH-DF-ER-FP-RI,4Inulin-1Pectin-1Starch,1,1,0,1,1,0,0,1,1,0,1,1,0,0,1,0,0,4,1,1,0,3,0.102490421455939,0.15389527458493,0,0.211366538952746,0.0986590038314176,0,0,0.00574712643678161,0.257662835249042,0,0.0954661558109834,0.0654533844189017,0,0,0.00319284802043423,0.138546344671154,0.20803532128192,0,0.285724860349857,0.133367042066625,0,0,0.0077689539067937,0.348308100154584,0,0.129050956562851,0.0884797528273727,0,0,0.00431608550377428,1.3517979797821,6.07214653335672,0,13.9255203,26.993169292,3132
42,2,AC-BA-BL-BU-CH-DF-ER-FP-RI-4Inulin-1Pectin-1Starch,AC-BA-BL-BU-CH-DF-ER-FP-RI,4Inulin-1Pectin-1Starch,1,1,0,1,1,0,0,1,1,0,1,1,0,0,1,0,0,4,1,1,0,3,0.112239246815581,0.151559904005907,0.000184604024367731,0.179988923758538,0.0956248846224848,0,0.000184604024367731,0.00609193280413513,0.270260291674358,0,0.103009045597194,0.0712571534059443,0.000184604024367731,0,0.00498430865792874,0.187798486226223,0.253589732223239,0.000308879089187867,0.30115711195817,0.159999368199315,0,0.000308879089187867,0.0101930099431996,0.452198986571037,0,0.17235453176683,0.119227328426517,0.000308879089187867,0,0.00833973540807241,1.67319802613068,6.06768143301761,0,15.8047273,28.383921888,5417
43,3,AC-BA-BL-BU-CH-DF-ER-FP-RI-4Inulin-1Pectin-1Starch,AC-BA-BL-BU-CH-DF-ER-FP-RI,4Inulin-1Pectin-1Starch,1,1,0,1,1,0,0,1,1,0,1,1,0,0,1,0,0,4,1,1,0,3,0.101360678367186,0.137053835535397,0,0.160323407611911,0.118517057779531,0,0.000197199763360284,0.00315519621376454,0.0796687043975547,0,0.338789193452968,0.0512719384736738,0,0,0.00512719384736738,0.148675639224983,0.201030290391757,0,0.235162051925897,0.173840582051001,0,0.000289252216391017,0.00462803546225627,0.116857895421971,0,0.496935307759767,0.0752055762616644,0,0,0.00752055762616644,1.46679798931885,6.16953080418051,0,17.8295564,24.735007862,5071
44,4,AC-BA-BL-BU-CH-DF-ER-FP-RI-4Inulin-1Pectin-1Starch,AC-BA-BL-BU-CH-DF-ER-FP-RI,4Inulin-1Pectin-1Starch,1,1,0,1,1,0,0,1,1,0,1,1,0,0,1,0,0,4,1,1,0,3,0.134600903614458,0.152673192771084,0,0.133847891566265,0.115022590361446,0,0.000376506024096386,0.00922439759036145,0.109939759036145,0,0.296310240963855,0.0336972891566265,0,0,0.00658885542168675,0.19794382286275,0.224520895582784,0,0.196836444832749,0.169151994082714,0,0.0005536890150007,0.0135653808675171,0.161677192380204,0,0.435753254805551,0.0495551668425626,0,0,0.00968955776251224,1.47059802384186,6.11812074781861,0,17.4478373,26.651729444,5312
45,1,AC-BA-BH-BL-BU-CH-DF-ER-RI-4Inulin-1Pectin-1Starch,AC-BA-BH-BL-BU-CH-DF-ER-RI,4Inulin-1Pectin-1Starch,1,1,1,1,1,0,0,1,1,0,1,0,0,0,1,0,0,4,1,1,0,3,0.0764580369843528,0.129267425320057,0.0780583214793741,0.22475106685633,0.109708392603129,0,0,0.00515647226173542,0.184032716927454,0,0.115042674253201,0,0,0,0.0691678520625889,0.113845862447391,0.192478934881985,0.116228682824197,0.334653884031402,0.163355574721024,0,0,0.00767797676970779,0.274024343332675,0,0.171298309310377,0,0,0,0.102990791841942,1.48899797768402,6.2187134000078,0,16.7246552,30.565951822,5624
46,2,AC-BA-BH-BL-BU-CH-DF-ER-RI-4Inulin-1Pectin-1Starch,AC-BA-BH-BL-BU-CH-DF-ER-RI,4Inulin-1Pectin-1Starch,1,1,1,1,1,0,0,1,1,0,1,0,0,0,1,0,0,4,1,1,0,3,0.0674693792817106,0.127050031139714,0.144695868798007,0.209881669088644,0.114386547643762,0,0.000207598090097571,0.00373676562175628,0.146771849698983,0,0.106082624039859,0,0,0,0.0720365372638572,0.0893698046004201,0.168290216662945,0.191663857866132,0.278008838310845,0.151516191799481,0,0.000274984014155139,0.00494971225479249,0.194413698007683,0,0.140516831233276,0,0,0,0.0954194529118331,1.3245979961853,6.21217022696031,0,18.0089176,32.516238768,4817
47,3,AC-BA-BH-BL-BU-CH-DF-ER-RI-4Inulin-1Pectin-1Starch,AC-BA-BH-BL-BU-CH-DF-ER-RI,4Inulin-1Pectin-1Starch,1,1,1,1,1,0,0,1,1,0,1,0,0,0,1,0,0,4,1,1,0,3,0.0826964530668234,0.15461493239271,0.0783852635704488,0.233392122281011,0.101900842641583,0,0,0.00431118949637468,0.169116206153243,0,0.110327258475407,0,0,0,0.0601606897903194,0.117875361584609,0.220387820593025,0.111730200554132,0.332676672149927,0.145249260720371,0,0,0.00614516103047725,0.241057907695539,0,0.15726025727994,0,0,0,0.0857529289252961,1.42539803356934,6.17133065469945,0.0465595,18.6798691,30.222583238,5103
48,4,AC-BA-BH-BL-BU-CH-DF-ER-RI-4Inulin-1Pectin-1Starch,AC-BA-BH-BL-BU-CH-DF-ER-RI,4Inulin-1Pectin-1Starch,1,1,1,1,1,0,0,1,1,0,1,0,0,0,1,0,0,4,1,1,0,3,0.0702205882352941,0.0933823529411765,0.0965073529411765,0.137132352941176,0.114338235294118,0,0,0.00441176470588235,0.326286764705882,0,0.0909926470588235,0,0,0,0.0580882352941176,0.096651477821984,0.128531284642848,0.132832528420266,0.188748697526702,0.157374919385534,0,0,0.00607234415635502,0.449100453230423,0,0.125242098224822,0,0,0,0.0799525313920077,1.3763980087738,6.19668249122899,0.03957133,17.1506731,33.191858916,5440
49,1,AC-BA-BH-BL-BU-CH-DF-ER-FP-RI-4Inulin-1Pectin-1Xylan,AC-BA-BH-BL-BU-CH-DF-ER-FP-RI,4Inulin-1Pectin-1Xylan,1,1,1,1,1,0,0,1,1,0,1,1,0,0,1,0,0,4,1,0,1,3,0.0633704735376045,0.110027855153203,0.0957520891364902,0.237465181058496,0.0762534818941504,0,0.00104456824512535,0,0.281685236768802,0,0.0936629526462396,0.00522284122562674,0,0,0.0212395543175487,0.0901086327080899,0.156452351295365,0.136153153817169,0.337659821466579,0.108427420676218,0,0.00148530713255093,0,0.400537823411235,0,0.133182539552067,0.00742653566275467,0,0,0.0302012450285356,1.42193402822876,6.12262757763205,0.03653441,15.0444658,36.382711536,2872
50,2,AC-BA-BH-BL-BU-CH-DF-ER-FP-RI-4Inulin-1Pectin-1Xylan,AC-BA-BH-BL-BU-CH-DF-ER-FP-RI,4Inulin-1Pectin-1Xylan,1,1,1,1,1,0,0,1,1,0,1,1,0,0,1,0,0,4,1,0,1,3,0.0661855036855037,0.0757063882063882,0.0615786240786241,0.228040540540541,0.103040540540541,0,0.000153562653562654,0.00138206388206388,0.307432432432432,0,0.112561425061425,0.0118243243243243,0,0,0.0254914004914005,0.0957660558800299,0.109542147445139,0.0891002051227192,0.329959612486878,0.149092861938515,0,0.000222195025243689,0.0019997552271932,0.444834440537865,0,0.162868953503624,0.017109016943764,0,0,0.0368843741904524,1.4469340043869,6.16317641193257,0.03196925,13.7803795,34.759599828,6512
51,3,AC-BA-BH-BL-BU-CH-DF-ER-FP-RI-4Inulin-1Pectin-1Xylan,AC-BA-BH-BL-BU-CH-DF-ER-FP-RI,4Inulin-1Pectin-1Xylan,1,1,1,1,1,0,0,1,1,0,1,1,0,0,1,0,0,4,1,0,1,3,0.0702247191011236,0.0919475655430712,0.0794007490636704,0.189513108614232,0.0951310861423221,0,0.0192883895131086,0.00430711610486891,0.233895131086142,0,0.147003745318352,0.0179775280898876,0.00749063670411985,0,0.0397003745318352,0.112074020577549,0.14674225094287,0.126718359266348,0.302450423531944,0.151822939875719,0,0.0307829976519667,0.00687387326208965,0.373281204536955,0,0.234608283075668,0.0286909492678524,0.0119545621949385,0,0.0633591796331741,1.59593405302429,6.17890399475408,0.03939499,15.0574031,35.23017123,5340
52,4,AC-BA-BH-BL-BU-CH-DF-ER-FP-RI-4Inulin-1Pectin-1Xylan,AC-BA-BH-BL-BU-CH-DF-ER-FP-RI,4Inulin-1Pectin-1Xylan,1,1,1,1,1,0,0,1,1,0,1,1,0,0,1,0,0,4,1,0,1,3,0.0769821462852755,0.0950278364369361,0.0798617776924554,0.167018621616433,0.113073526588597,0,0.000191975427145325,0.000575926281435976,0.207717412171242,0,0.211364945287003,0.0101746976387022,0,0,0.0326358226147053,0.12444425796436,0.15361572990613,0.129099280082728,0.26999128286532,0.1827872018479,0,0.000310334807891172,0.000931004423673516,0.335782262138248,0,0.34167862348818,0.0164477448182321,0,0,0.0527569173414992,1.61653401430511,6.18548649809019,0.04006769,17.4727494,34.517583642,5209
53,1,AC-BA-BL-BU-CC-CH-DF-ER-FP-RI-4Inulin-1Pectin-1Xylan,AC-BA-BL-BU-CC-CH-DF-ER-FP-RI,4Inulin-1Pectin-1Xylan,1,1,0,1,1,0,1,1,1,0,1,1,0,0,1,0,0,4,1,0,1,3,0.0448951291384989,0.0771364187900849,0,0.0977639105564223,0.142485699427977,0,0.314959265037268,0.00537354827526434,0.00346680533888022,0,0.228462471832207,0.062055815565956,0,0,0.016120644825793,0.05228190397365,0.0898279817307886,0,0.113849397070033,0.16592944041058,0,0.366780770347962,0.00625767962618977,0.00403721266205791,0,0.266052314429617,0.0722661066508367,0,0,0.0187730388785693,1.16453399237061,6.15487789833816,0,17.5550228,24.14348864,5769
54,2,AC-BA-BL-BU-CC-CH-DF-ER-FP-RI-4Inulin-1Pectin-1Xylan,AC-BA-BL-BU-CC-CH-DF-ER-FP-RI,4Inulin-1Pectin-1Xylan,1,1,0,1,1,0,1,1,1,0,1,1,0,0,1,0,0,4,1,0,1,3,0.179335457441966,0.122212107419208,0,0.13859808830223,0.137005006827492,0,0.207783340919436,0.00523441055985435,0.00568957669549386,0,0.106053709604005,0.0682749203459263,0,0,0.0220755575785162,0.229178873955513,0.156179004205724,0,0.177119205886938,0.175083352945709,0,0.265533390763176,0.00668923109261014,0.00727090336153276,0,0.135529638658971,0.0872508403383931,0,0,0.0282111050427471,1.277933974823,6.1043328115384,0,18.5571857,24.37185634,4394
55,3,AC-BA-BL-BU-CC-CH-DF-ER-FP-RI-4Inulin-1Pectin-1Xylan,AC-BA-BL-BU-CC-CH-DF-ER-FP-RI,4Inulin-1Pectin-1Xylan,1,1,0,1,1,0,1,1,1,0,1,1,0,0,1,0,0,4,1,0,1,3,0.02698975571316,0.0882584712371946,0.000394011032308905,0.190110323089046,0.0908195429472025,0,0.458234830575256,0.00157604412923562,0.00886524822695036,0,0.0983057525610717,0.0198975571315997,0,0,0.00965327029156816,0.0435380938383813,0.142372744814561,0.00063559261077929,0.306673434701007,0.146504096784626,0,0.739194206336314,0.00254237044311716,0.014300833742534,0,0.158580356389433,0.0320974268443541,0,0,0.0155720189640926,1.61313404615784,6.04937805042803,0,17.641291,25.955991508,5076
56,4,AC-BA-BL-BU-CC-CH-DF-ER-FP-RI-4Inulin-1Pectin-1Xylan,AC-BA-BL-BU-CC-CH-DF-ER-FP-RI,4Inulin-1Pectin-1Xylan,1,1,0,1,1,0,1,1,1,0,1,1,0,0,1,0,0,4,1,0,1,3,0.0266974984233761,0.0739962161025857,0,0.173218414967416,0.101534580618037,0,0.447971410552869,0.000210216523018709,0.0113516922430103,0,0.112465839815009,0.0229136010090393,0,0,0.0203910027328148,0.0321740645009414,0.0891753598766251,0,0.208751410620281,0.122362780739801,0,0.539865601980364,0.000253339090558594,0.0136803108901641,0,0.135536413448848,0.0276139608708867,0,0,0.0245738917841836,1.20513405378723,6.06317292181569,0,17.6192379,25.684696038,4757
57,1,AC-BA-BL-BU-CC-CH-ER-FP-PC-RI-3Inulin-2Pectin-1Starch,AC-BA-BL-BU-CC-CH-ER-FP-PC-RI,3Inulin-2Pectin-1Starch,1,1,0,1,1,0,1,1,0,0,1,1,1,0,1,0,0,3,2,1,0,3,0.122005433440356,0.165225981723882,0,0.0167942701901704,0.234131884415905,0,0.211904173870091,0.0718695974314646,0,0,0.0180291429982712,0.0716226228698444,0.0805137070881699,0,0.000740923684860459,0.121322197474666,0.164300708725812,0,0.0167002215147313,0.232820735234783,0,0.210717500877051,0.0714671244233354,0,0,0.0179281789790498,0.0712215329304716,0.0800628266735647,0,0.000736774478591086,0.994399954605103,6.10381422684099,0,13.7244716,34.111410592,4049
58,2,AC-BA-BL-BU-CC-CH-ER-FP-PC-RI-3Inulin-2Pectin-1Starch,AC-BA-BL-BU-CC-CH-ER-FP-PC-RI,3Inulin-2Pectin-1Starch,1,1,0,1,1,0,1,1,0,0,1,1,1,0,1,0,0,3,2,1,0,3,0.0530538726052071,0.175372523333879,0,0.050761421319797,0.201080727034551,0,0.291632552808253,0.00212870476502374,0,0,0.0186671033240544,0.0571475356148682,0.142295726215818,0,0.00114622564270509,0.0632189953654258,0.208973901346824,0,0.0604873103805,0.239607797249206,0,0.347509354153776,0.00253656462885968,0,0,0.0222437205915387,0.068097004267079,0.169559589421466,0,0.0013658424924629,1.19160001449585,6.04232334441299,0,13.5097445,31.554897812,6107
59,3,AC-BA-BL-BU-CC-CH-ER-FP-PC-RI-3Inulin-2Pectin-1Starch,AC-BA-BL-BU-CC-CH-ER-FP-PC-RI,3Inulin-2Pectin-1Starch,1,1,0,1,1,0,1,1,0,0,1,1,1,0,1,0,0,3,2,1,0,3,0.0892504930966469,0.171433267587114,0,0.0239973701512163,0.215811965811966,0,0.239316239316239,0.0820184089414859,0.000164365548980934,0,0.0341880341880342,0.0622945430637738,0.0784023668639053,0,0.000164365548980934,0.0964440786865806,0.18525078097625,0,0.0259315570685834,0.233206400212671,0,0.258605117067516,0.0886290888850897,0.000177613404579338,0,0.0369435881525023,0.0673154803355692,0.0847215939843443,0,0.000177613404579338,1.08059995346069,6.09490872064636,0,12.8848823,36.893197058,6084
60,4,AC-BA-BL-BU-CC-CH-ER-FP-PC-RI-3Inulin-2Pectin-1Starch,AC-BA-BL-BU-CC-CH-ER-FP-PC-RI,3Inulin-2Pectin-1Starch,1,1,0,1,1,0,1,1,0,0,1,1,1,0,1,0,0,3,2,1,0,3,0.0801989431147031,0.177805408765931,0.000310848616723656,0.0376126826235623,0.188995958967983,0,0.322194591234069,0.0101025800435188,0,0,0.0258004351880634,0.0357475909232204,0.115480261112838,0.000155424308361828,0.00264221324215107,0.0896142974608057,0.198679760261941,0.000347342238220177,0.0420284108246414,0.211184080837868,0,0.360020229915213,0.0112886227421557,0,0,0.0288294057722747,0.0399443573953203,0.129037641498796,0.000173671119110088,0.0029524090248715,1.11739998035431,6.07380992804174,0,12.6654191,32.361672008,6434
61,1,AC-BA-BH-BL-BU-CH-DF-FP-RI-4Inulin-1Pectin-1Xylan,AC-BA-BH-BL-BU-CH-DF-FP-RI,4Inulin-1Pectin-1Xylan,1,1,1,1,1,0,0,1,1,0,0,1,0,0,1,0,0,4,1,0,1,3,0.0476277706539659,0.121817182634182,0.25041216339989,0.132625022897967,0.156622091958234,0,0.000366367466568969,0.00457959333211211,0.204616230078769,0,0,0.00970873786407767,0,0,0.0664956951822678,0.0748391365173977,0.191415483784883,0.393481152381856,0.208398210917677,0.246105622009135,0,0.000575685665518444,0.00719607081898055,0.321520444192051,0,0,0.0152556701362388,0,0,0.104486948291598,1.57133402403259,6.0970195189655,0,15.1390797,41.617327828,5459
62,2,AC-BA-BH-BL-BU-CH-DF-FP-RI-4Inulin-1Pectin-1Xylan,AC-BA-BH-BL-BU-CH-DF-FP-RI,4Inulin-1Pectin-1Xylan,1,1,1,1,1,0,0,1,1,0,0,1,0,0,1,0,0,4,1,0,1,3,0.0915371329879102,0.105785837651123,0.137305699481865,0.269645941278066,0.108592400690846,0,0.000431778929188256,0.00151122625215889,0.22279792746114,0,0.000215889464594128,0.00647668393782383,0,0,0.0524611398963731,0.130141453777491,0.150399321582478,0.195212180666237,0.383364801339826,0.154389507665278,0,0.000613874781969298,0.00214856173689254,0.316759387496158,0,0.000306937390984649,0.00920812172953946,0,0,0.0745857860092697,1.42173399504089,6.28881119577833,0,17.8315489,39.985952022,4632
63,3,AC-BA-BH-BL-BU-CH-DF-FP-RI-4Inulin-1Pectin-1Xylan,AC-BA-BH-BL-BU-CH-DF-FP-RI,4Inulin-1Pectin-1Xylan,1,1,1,1,1,0,0,1,1,0,0,1,0,0,1,0,0,4,1,0,1,3,0.131116389548694,0.121140142517815,0.0950118764845606,0.228028503562945,0.114726840855107,0,0.000475059382422803,0.000237529691211401,0.240142517814727,0,0,0.00902612826603325,0,0,0.0572446555819477,0.181535102038342,0.167722648622381,0.131547175390103,0.315713220936247,0.158843214283549,0,0.000657735876950515,0.000328867938475258,0.332485485798486,0,0,0.0124969816620598,0,0,0.0792571731725371,1.38453402098084,6.10121260320988,0,15.8939892,37.983013262,4210
64,4,AC-BA-BH-BL-BU-CH-DF-FP-RI-4Inulin-1Pectin-1Xylan,AC-BA-BH-BL-BU-CH-DF-FP-RI,4Inulin-1Pectin-1Xylan,1,1,1,1,1,0,0,1,1,0,0,1,0,0,1,0,0,4,1,0,1,3,0.105535055350554,0.0998769987699877,0.0819188191881919,0.134071340713407,0.113407134071341,0,0.0004920049200492,0,0.398523985239852,0,0,0.0100861008610086,0,0,0.0531365313653137,0.140924543696408,0.133369148579818,0.109388981470639,0.179030014719214,0.151436397771665,0,0.000656990879703536,0,0.532162612559864,0,0,0.0134683130339225,0,0,0.0709550150079819,1.33533396299744,6.27710410035721,0,14.7891265,38.275256948,4065
