Experiments,Time,ACabs,BAabs,BHabs,BLabs,BUabs,CAabs,CCabs,CHabs,DFabs,ELabs,ERabs,FPabs,PCabs,PJabs,RIabs,pH,AcGum,ArGal,Inulin,Pectin,Starch,Xylan
"AC, AcGum rep1",0.0,0.0006667,0.0,0.0,0.0,0.0,0.0,0.0,0.0,0.0,0.0,0.0,0.0,0.0,0.0,0.0,6.7,1,0,0,0,0,0
"AC, AcGum rep1",1.0,0.003700003027916,0.0,0.0,0.0,0.0,0.0,0.0,0.0,0.0,0.0,0.0,0.0,0.0,0.0,0.0,6.96085950778261,1,0,0,0,0,0
"AC, AcGum rep1",2.0,0.020099997520447,0.0,0.0,0.0,0.0,0.0,0.0,0.0,0.0,0.0,0.0,0.0,0.0,0.0,0.0,6.97259222899144,1,0,0,0,0,0
"AC, AcGum rep2",0.0,0.0006667,0.0,0.0,0.0,0.0,0.0,0.0,0.0,0.0,0.0,0.0,0.0,0.0,0.0,0.0,6.7,1,0,0,0,0,0
"AC, AcGum rep2",1.0,0.043100006878376,0.0,0.0,0.0,0.0,0.0,0.0,0.0,0.0,0.0,0.0,0.0,0.0,0.0,0.0,6.9223118247689,1,0,0,0,0,0
"AC, AcGum rep2",2.0,0.021600000560284,0.0,0.0,0.0,0.0,0.0,0.0,0.0,0.0,0.0,0.0,0.0,0.0,0.0,0.0,6.8701895805964,1,0,0,0,0,0
"AC, AcGum rep3",0.0,0.0006667,0.0,0.0,0.0,0.0,0.0,0.0,0.0,0.0,0.0,0.0,0.0,0.0,0.0,0.0,6.7,1,0,0,0,0,0
"AC, AcGum rep3",1.0,0.010799996554852,0.0,0.0,0.0,0.0,0.0,0.0,0.0,0.0,0.0,0.0,0.0,0.0,0.0,0.0,6.97205343953459,1,0,0,0,0,0
"AC, AcGum rep3",2.0,0.019499994814396,0.0,0.0,0.0,0.0,0.0,0.0,0.0,0.0,0.0,0.0,0.0,0.0,0.0,0.0,6.97431353608981,1,0,0,0,0,0
"AC, ArGal rep1",0.0,0.0006667,0.0,0.0,0.0,0.0,0.0,0.0,0.0,0.0,0.0,0.0,0.0,0.0,0.0,0.0,6.7,0,1,0,0,0,0
"AC, ArGal rep1",1.0,0.009400002658367,0.0,0.0,0.0,0.0,0.0,0.0,0.0,0.0,0.0,0.0,0.0,0.0,0.0,0.0,6.94713573525794,0,1,0,0,0,0
"AC, ArGal rep1",2.0,0.020999997854233,0.0,0.0,0.0,0.0,0.0,0.0,0.0,0.0,0.0,0.0,0.0,0.0,0.0,0.0,6.91178844448923,0,1,0,0,0,0
"AC, ArGal rep2",0.0,0.0006667,0.0,0.0,0.0,0.0,0.0,0.0,0.0,0.0,0.0,0.0,0.0,0.0,0.0,0.0,6.7,0,1,0,0,0,0
"AC, ArGal rep2",1.0,0.005399998277426,0.0,0.0,0.0,0.0,0.0,0.0,0.0,0.0,0.0,0.0,0.0,0.0,0.0,0.0,7.02677556529419,0,1,0,0,0,0
"AC, ArGal rep2",2.0,0.020200002938509,0.0,0.0,0.0,0.0,0.0,0.0,0.0,0.0,0.0,0.0,0.0,0.0,0.0,0.0,7.00654320510139,0,1,0,0,0,0
"AC, ArGal rep3",0.0,0.0006667,0.0,0.0,0.0,0.0,0.0,0.0,0.0,0.0,0.0,0.0,0.0,0.0,0.0,0.0,6.7,0,1,0,0,0,0
"AC, ArGal rep3",1.0,0.0287000015378,0.0,0.0,0.0,0.0,0.0,0.0,0.0,0.0,0.0,0.0,0.0,0.0,0.0,0.0,6.94556872754977,0,1,0,0,0,0
"AC, ArGal rep3",2.0,0.021800003945828,0.0,0.0,0.0,0.0,0.0,0.0,0.0,0.0,0.0,0.0,0.0,0.0,0.0,0.0,6.90551223431,0,1,0,0,0,0
"AC, Inulin rep1",0.0,0.0006667,0.0,0.0,0.0,0.0,0.0,0.0,0.0,0.0,0.0,0.0,0.0,0.0,0.0,0.0,6.7,0,0,1,0,0,0
"AC, Inulin rep1",1.0,0.06139999628067,0.0,0.0,0.0,0.0,0.0,0.0,0.0,0.0,0.0,0.0,0.0,0.0,0.0,0.0,6.90954533143602,0,0,1,0,0,0
"AC, Inulin rep1",2.0,0.078400000929832,0.0,0.0,0.0,0.0,0.0,0.0,0.0,0.0,0.0,0.0,0.0,0.0,0.0,0.0,6.87643960649976,0,0,1,0,0,0
"AC, Inulin rep2",0.0,0.0006667,0.0,0.0,0.0,0.0,0.0,0.0,0.0,0.0,0.0,0.0,0.0,0.0,0.0,0.0,6.7,0,0,1,0,0,0
"AC, Inulin rep2",1.0,0.071599997580051,0.0,0.0,0.0,0.0,0.0,0.0,0.0,0.0,0.0,0.0,0.0,0.0,0.0,0.0,6.88077899004039,0,0,1,0,0,0
"AC, Inulin rep2",2.0,0.083600006997585,0.0,0.0,0.0,0.0,0.0,0.0,0.0,0.0,0.0,0.0,0.0,0.0,0.0,0.0,6.85647893017536,0,0,1,0,0,0
"AC, Inulin rep3",0.0,0.0006667,0.0,0.0,0.0,0.0,0.0,0.0,0.0,0.0,0.0,0.0,0.0,0.0,0.0,0.0,6.7,0,0,1,0,0,0
"AC, Inulin rep3",1.0,0.092600002884865,0.0,0.0,0.0,0.0,0.0,0.0,0.0,0.0,0.0,0.0,0.0,0.0,0.0,0.0,6.94992498809926,0,0,1,0,0,0
"AC, Inulin rep3",2.0,0.093099996447563,0.0,0.0,0.0,0.0,0.0,0.0,0.0,0.0,0.0,0.0,0.0,0.0,0.0,0.0,6.95855466064729,0,0,1,0,0,0
"AC, Starch rep1",0.0,0.0006667,0.0,0.0,0.0,0.0,0.0,0.0,0.0,0.0,0.0,0.0,0.0,0.0,0.0,0.0,6.7,0,0,0,0,1,0
"AC, Starch rep1",1.0,-0.006000004708767,0.0,0.0,0.0,0.0,0.0,0.0,0.0,0.0,0.0,0.0,0.0,0.0,0.0,0.0,6.91636906324501,0,0,0,0,1,0
"AC, Starch rep1",2.0,0.008399993181229,0.0,0.0,0.0,0.0,0.0,0.0,0.0,0.0,0.0,0.0,0.0,0.0,0.0,0.0,6.90527422382495,0,0,0,0,1,0
"AC, Starch rep2",0.0,0.0006667,0.0,0.0,0.0,0.0,0.0,0.0,0.0,0.0,0.0,0.0,0.0,0.0,0.0,0.0,6.7,0,0,0,0,1,0
"AC, Starch rep2",1.0,-0.004899993538856,0.0,0.0,0.0,0.0,0.0,0.0,0.0,0.0,0.0,0.0,0.0,0.0,0.0,0.0,6.94016840740668,0,0,0,0,1,0
"AC, Starch rep2",2.0,0.011700004339218,0.0,0.0,0.0,0.0,0.0,0.0,0.0,0.0,0.0,0.0,0.0,0.0,0.0,0.0,6.89083350930915,0,0,0,0,1,0
"AC, Starch rep3",0.0,0.0006667,0.0,0.0,0.0,0.0,0.0,0.0,0.0,0.0,0.0,0.0,0.0,0.0,0.0,0.0,6.7,0,0,0,0,1,0
"AC, Starch rep3",1.0,-0.010599993169308,0.0,0.0,0.0,0.0,0.0,0.0,0.0,0.0,0.0,0.0,0.0,0.0,0.0,0.0,6.91378901714397,0,0,0,0,1,0
"AC, Starch rep3",2.0,0.001200005412101,0.0,0.0,0.0,0.0,0.0,0.0,0.0,0.0,0.0,0.0,0.0,0.0,0.0,0.0,6.88459836732582,0,0,0,0,1,0
"AC, Xylan rep1",0.0,0.0006667,0.0,0.0,0.0,0.0,0.0,0.0,0.0,0.0,0.0,0.0,0.0,0.0,0.0,0.0,6.7,0,0,0,0,0,1
"AC, Xylan rep1",1.0,0.013899996876717,0.0,0.0,0.0,0.0,0.0,0.0,0.0,0.0,0.0,0.0,0.0,0.0,0.0,0.0,6.89144160265284,0,0,0,0,0,1
"AC, Xylan rep1",2.0,0.01910000294447,0.0,0.0,0.0,0.0,0.0,0.0,0.0,0.0,0.0,0.0,0.0,0.0,0.0,0.0,6.88324567175512,0,0,0,0,0,1
"AC, Xylan rep2",0.0,0.0006667,0.0,0.0,0.0,0.0,0.0,0.0,0.0,0.0,0.0,0.0,0.0,0.0,0.0,0.0,6.7,0,0,0,0,0,1
"AC, Xylan rep2",1.0,0.003699995577335,0.0,0.0,0.0,0.0,0.0,0.0,0.0,0.0,0.0,0.0,0.0,0.0,0.0,0.0,6.93552115840451,0,0,0,0,0,1
"AC, Xylan rep2",2.0,0.020999997854233,0.0,0.0,0.0,0.0,0.0,0.0,0.0,0.0,0.0,0.0,0.0,0.0,0.0,0.0,6.90205263707564,0,0,0,0,0,1
"AC, Xylan rep3",0.0,0.0006667,0.0,0.0,0.0,0.0,0.0,0.0,0.0,0.0,0.0,0.0,0.0,0.0,0.0,0.0,6.7,0,0,0,0,0,1
"AC, Xylan rep3",1.0,0.066700007766485,0.0,0.0,0.0,0.0,0.0,0.0,0.0,0.0,0.0,0.0,0.0,0.0,0.0,0.0,6.92277568786112,0,0,0,0,0,1
"AC, Xylan rep3",2.0,0.028500001877546,0.0,0.0,0.0,0.0,0.0,0.0,0.0,0.0,0.0,0.0,0.0,0.0,0.0,0.0,6.91060880694817,0,0,0,0,0,1
"AC, none rep1",0.0,0.0006667,0.0,0.0,0.0,0.0,0.0,0.0,0.0,0.0,0.0,0.0,0.0,0.0,0.0,0.0,6.7,0,0,0,0,0,0
"AC, none rep1",1.0,-0.003799997270107,0.0,0.0,0.0,0.0,0.0,0.0,0.0,0.0,0.0,0.0,0.0,0.0,0.0,0.0,6.9488106623293,0,0,0,0,0,0
"AC, none rep1",2.0,0.009100001305342,0.0,0.0,0.0,0.0,0.0,0.0,0.0,0.0,0.0,0.0,0.0,0.0,0.0,0.0,6.93540740910973,0,0,0,0,0,0
"AC, none rep2",0.0,0.0006667,0.0,0.0,0.0,0.0,0.0,0.0,0.0,0.0,0.0,0.0,0.0,0.0,0.0,0.0,6.7,0,0,0,0,0,0
"AC, none rep2",1.0,0.003799997270107,0.0,0.0,0.0,0.0,0.0,0.0,0.0,0.0,0.0,0.0,0.0,0.0,0.0,0.0,6.92428101849282,0,0,0,0,0,0
"AC, none rep2",2.0,0.005599997937679,0.0,0.0,0.0,0.0,0.0,0.0,0.0,0.0,0.0,0.0,0.0,0.0,0.0,0.0,6.9111988885965,0,0,0,0,0,0
"AC, none rep3",0.0,0.0006667,0.0,0.0,0.0,0.0,0.0,0.0,0.0,0.0,0.0,0.0,0.0,0.0,0.0,0.0,6.7,0,0,0,0,0,0
"AC, none rep3",1.0,0.009099997580051,0.0,0.0,0.0,0.0,0.0,0.0,0.0,0.0,0.0,0.0,0.0,0.0,0.0,0.0,6.94959088234543,0,0,0,0,0,0
"AC, none rep3",2.0,-0.000699996948242,0.0,0.0,0.0,0.0,0.0,0.0,0.0,0.0,0.0,0.0,0.0,0.0,0.0,0.0,6.92254379666149,0,0,0,0,0,0
"BA, AcGum rep1",0.0,0.0,0.0006667,0.0,0.0,0.0,0.0,0.0,0.0,0.0,0.0,0.0,0.0,0.0,0.0,0.0,6.7,1,0,0,0,0,0
"BA, AcGum rep1",1.0,0.0,0.109299995005131,0.0,0.0,0.0,0.0,0.0,0.0,0.0,0.0,0.0,0.0,0.0,0.0,0.0,6.59020755938948,1,0,0,0,0,0
"BA, AcGum rep1",2.0,0.0,0.173000000417233,0.0,0.0,0.0,0.0,0.0,0.0,0.0,0.0,0.0,0.0,0.0,0.0,0.0,6.45212816872959,1,0,0,0,0,0
"BA, AcGum rep2",0.0,0.0,0.0006667,0.0,0.0,0.0,0.0,0.0,0.0,0.0,0.0,0.0,0.0,0.0,0.0,0.0,6.7,1,0,0,0,0,0
"BA, AcGum rep2",1.0,0.0,0.124000005424023,0.0,0.0,0.0,0.0,0.0,0.0,0.0,0.0,0.0,0.0,0.0,0.0,0.0,6.591605921591,1,0,0,0,0,0
"BA, AcGum rep2",2.0,0.0,0.172100000083446,0.0,0.0,0.0,0.0,0.0,0.0,0.0,0.0,0.0,0.0,0.0,0.0,0.0,6.50088813398727,1,0,0,0,0,0
"BA, AcGum rep3",0.0,0.0,0.0006667,0.0,0.0,0.0,0.0,0.0,0.0,0.0,0.0,0.0,0.0,0.0,0.0,0.0,6.7,1,0,0,0,0,0
"BA, AcGum rep3",1.0,0.0,0.109399996697903,0.0,0.0,0.0,0.0,0.0,0.0,0.0,0.0,0.0,0.0,0.0,0.0,0.0,6.62229129497293,1,0,0,0,0,0
"BA, AcGum rep3",2.0,0.0,0.16669999808073,0.0,0.0,0.0,0.0,0.0,0.0,0.0,0.0,0.0,0.0,0.0,0.0,0.0,6.46253397380156,1,0,0,0,0,0
"BA, ArGal rep1",0.0,0.0,0.0006667,0.0,0.0,0.0,0.0,0.0,0.0,0.0,0.0,0.0,0.0,0.0,0.0,0.0,6.7,0,1,0,0,0,0
"BA, ArGal rep1",1.0,0.0,0.00959999859333,0.0,0.0,0.0,0.0,0.0,0.0,0.0,0.0,0.0,0.0,0.0,0.0,0.0,6.96315662057878,0,1,0,0,0,0
"BA, ArGal rep1",2.0,0.0,0.021099999547005,0.0,0.0,0.0,0.0,0.0,0.0,0.0,0.0,0.0,0.0,0.0,0.0,0.0,6.90788762724003,0,1,0,0,0,0
"BA, ArGal rep2",0.0,0.0,0.0006667,0.0,0.0,0.0,0.0,0.0,0.0,0.0,0.0,0.0,0.0,0.0,0.0,0.0,6.7,0,1,0,0,0,0
"BA, ArGal rep2",1.0,0.0,0.001499999314547,0.0,0.0,0.0,0.0,0.0,0.0,0.0,0.0,0.0,0.0,0.0,0.0,0.0,6.93881155204134,0,1,0,0,0,0
"BA, ArGal rep2",2.0,0.0,0.014299999922514,0.0,0.0,0.0,0.0,0.0,0.0,0.0,0.0,0.0,0.0,0.0,0.0,0.0,6.87879887483718,0,1,0,0,0,0
"BA, ArGal rep3",0.0,0.0,0.0006667,0.0,0.0,0.0,0.0,0.0,0.0,0.0,0.0,0.0,0.0,0.0,0.0,0.0,6.7,0,1,0,0,0,0
"BA, ArGal rep3",1.0,0.0,0.008799999952316,0.0,0.0,0.0,0.0,0.0,0.0,0.0,0.0,0.0,0.0,0.0,0.0,0.0,6.90586908900635,0,1,0,0,0,0
"BA, ArGal rep3",2.0,0.0,0.016500003635883,0.0,0.0,0.0,0.0,0.0,0.0,0.0,0.0,0.0,0.0,0.0,0.0,0.0,6.89761208121427,0,1,0,0,0,0
"BA, Inulin rep1",0.0,0.0,0.0006667,0.0,0.0,0.0,0.0,0.0,0.0,0.0,0.0,0.0,0.0,0.0,0.0,0.0,6.7,0,0,1,0,0,0
"BA, Inulin rep1",1.0,0.0,0.048000000417233,0.0,0.0,0.0,0.0,0.0,0.0,0.0,0.0,0.0,0.0,0.0,0.0,0.0,6.82031036052996,0,0,1,0,0,0
"BA, Inulin rep1",2.0,0.0,0.243300005793571,0.0,0.0,0.0,0.0,0.0,0.0,0.0,0.0,0.0,0.0,0.0,0.0,0.0,6.47076830316838,0,0,1,0,0,0
"BA, Inulin rep2",0.0,0.0,0.0006667,0.0,0.0,0.0,0.0,0.0,0.0,0.0,0.0,0.0,0.0,0.0,0.0,0.0,6.7,0,0,1,0,0,0
"BA, Inulin rep2",1.0,0.0,0.050800003111362,0.0,0.0,0.0,0.0,0.0,0.0,0.0,0.0,0.0,0.0,0.0,0.0,0.0,6.81485240892488,0,0,1,0,0,0
"BA, Inulin rep2",2.0,0.0,0.51000002771616,0.0,0.0,0.0,0.0,0.0,0.0,0.0,0.0,0.0,0.0,0.0,0.0,0.0,5.3188462027576,0,0,1,0,0,0
"BA, Inulin rep3",0.0,0.0,0.0006667,0.0,0.0,0.0,0.0,0.0,0.0,0.0,0.0,0.0,0.0,0.0,0.0,0.0,6.7,0,0,1,0,0,0
"BA, Inulin rep3",1.0,0.0,0.049599997699261,0.0,0.0,0.0,0.0,0.0,0.0,0.0,0.0,0.0,0.0,0.0,0.0,0.0,6.83175334098259,0,0,1,0,0,0
"BA, Inulin rep3",2.0,0.0,0.258299991488457,0.0,0.0,0.0,0.0,0.0,0.0,0.0,0.0,0.0,0.0,0.0,0.0,0.0,6.39604215731781,0,0,1,0,0,0
"BA, Starch rep1",0.0,0.0,0.0006667,0.0,0.0,0.0,0.0,0.0,0.0,0.0,0.0,0.0,0.0,0.0,0.0,0.0,6.7,0,0,0,0,1,0
"BA, Starch rep1",1.0,0.0,0.582699984312057,0.0,0.0,0.0,0.0,0.0,0.0,0.0,0.0,0.0,0.0,0.0,0.0,0.0,6.46977675230376,0,0,0,0,1,0
"BA, Starch rep1",2.0,0.0,0.5973000228405,0.0,0.0,0.0,0.0,0.0,0.0,0.0,0.0,0.0,0.0,0.0,0.0,0.0,6.48204452351988,0,0,0,0,1,0
"BA, Starch rep2",0.0,0.0,0.0006667,0.0,0.0,0.0,0.0,0.0,0.0,0.0,0.0,0.0,0.0,0.0,0.0,0.0,6.7,0,0,0,0,1,0
"BA, Starch rep2",1.0,0.0,0.558700010180474,0.0,0.0,0.0,0.0,0.0,0.0,0.0,0.0,0.0,0.0,0.0,0.0,0.0,6.49877351540952,0,0,0,0,1,0
"BA, Starch rep2",2.0,0.0,0.605599984526635,0.0,0.0,0.0,0.0,0.0,0.0,0.0,0.0,0.0,0.0,0.0,0.0,0.0,6.47151079433078,0,0,0,0,1,0
"BA, Starch rep3",0.0,0.0,0.0006667,0.0,0.0,0.0,0.0,0.0,0.0,0.0,0.0,0.0,0.0,0.0,0.0,0.0,6.7,0,0,0,0,1,0
"BA, Starch rep3",1.0,0.0,0.527900010347366,0.0,0.0,0.0,0.0,0.0,0.0,0.0,0.0,0.0,0.0,0.0,0.0,0.0,6.44230380171898,0,0,0,0,1,0
"BA, Starch rep3",2.0,0.0,0.578200012445449,0.0,0.0,0.0,0.0,0.0,0.0,0.0,0.0,0.0,0.0,0.0,0.0,0.0,6.43442087174224,0,0,0,0,1,0
"BA, Xylan rep1",0.0,0.0,0.0006667,0.0,0.0,0.0,0.0,0.0,0.0,0.0,0.0,0.0,0.0,0.0,0.0,0.0,6.7,0,0,0,0,0,1
"BA, Xylan rep1",1.0,0.0,0.182899996638298,0.0,0.0,0.0,0.0,0.0,0.0,0.0,0.0,0.0,0.0,0.0,0.0,0.0,5.72009035078251,0,0,0,0,0,1
"BA, Xylan rep1",2.0,0.0,0.310900002717972,0.0,0.0,0.0,0.0,0.0,0.0,0.0,0.0,0.0,0.0,0.0,0.0,0.0,5.08529128296092,0,0,0,0,0,1
"BA, Xylan rep2",0.0,0.0,0.0006667,0.0,0.0,0.0,0.0,0.0,0.0,0.0,0.0,0.0,0.0,0.0,0.0,0.0,6.7,0,0,0,0,0,1
"BA, Xylan rep2",1.0,0.0,0.175199992954731,0.0,0.0,0.0,0.0,0.0,0.0,0.0,0.0,0.0,0.0,0.0,0.0,0.0,5.75086047734429,0,0,0,0,0,1
"BA, Xylan rep2",2.0,0.0,0.294899992644787,0.0,0.0,0.0,0.0,0.0,0.0,0.0,0.0,0.0,0.0,0.0,0.0,0.0,4.99724390167522,0,0,0,0,0,1
"BA, Xylan rep3",0.0,0.0,0.0006667,0.0,0.0,0.0,0.0,0.0,0.0,0.0,0.0,0.0,0.0,0.0,0.0,0.0,6.7,0,0,0,0,0,1
"BA, Xylan rep3",1.0,0.0,0.180399995297194,0.0,0.0,0.0,0.0,0.0,0.0,0.0,0.0,0.0,0.0,0.0,0.0,0.0,5.64975468223393,0,0,0,0,0,1
"BA, Xylan rep3",2.0,0.0,0.294100012630224,0.0,0.0,0.0,0.0,0.0,0.0,0.0,0.0,0.0,0.0,0.0,0.0,0.0,4.86629701299572,0,0,0,0,0,1
"BA, none rep1",0.0,0.0,0.0006667,0.0,0.0,0.0,0.0,0.0,0.0,0.0,0.0,0.0,0.0,0.0,0.0,0.0,6.7,0,0,0,0,0,0
"BA, none rep1",1.0,0.0,0.002100002020597,0.0,0.0,0.0,0.0,0.0,0.0,0.0,0.0,0.0,0.0,0.0,0.0,0.0,6.91940533956201,0,0,0,0,0,0
"BA, none rep1",2.0,0.0,0.014699999243021,0.0,0.0,0.0,0.0,0.0,0.0,0.0,0.0,0.0,0.0,0.0,0.0,0.0,6.90348639965778,0,0,0,0,0,0
"BA, none rep2",0.0,0.0,0.0006667,0.0,0.0,0.0,0.0,0.0,0.0,0.0,0.0,0.0,0.0,0.0,0.0,0.0,6.7,0,0,0,0,0,0
"BA, none rep2",1.0,0.0,-0.003299999982119,0.0,0.0,0.0,0.0,0.0,0.0,0.0,0.0,0.0,0.0,0.0,0.0,0.0,6.93026864952116,0,0,0,0,0,0
"BA, none rep2",2.0,0.0,0.015900000929833,0.0,0.0,0.0,0.0,0.0,0.0,0.0,0.0,0.0,0.0,0.0,0.0,0.0,6.93677113273805,0,0,0,0,0,0
"BA, none rep3",0.0,0.0,0.0006667,0.0,0.0,0.0,0.0,0.0,0.0,0.0,0.0,0.0,0.0,0.0,0.0,0.0,6.7,0,0,0,0,0,0
"BA, none rep3",1.0,0.0,-0.014400001615286,0.0,0.0,0.0,0.0,0.0,0.0,0.0,0.0,0.0,0.0,0.0,0.0,0.0,6.93506604572112,0,0,0,0,0,0
"BA, none rep3",2.0,0.0,-0.000900000333786,0.0,0.0,0.0,0.0,0.0,0.0,0.0,0.0,0.0,0.0,0.0,0.0,0.0,6.93255740109939,0,0,0,0,0,0
"BH, AcGum rep1",0.0,0.0,0.0,0.0006667,0.0,0.0,0.0,0.0,0.0,0.0,0.0,0.0,0.0,0.0,0.0,0.0,6.7,1,0,0,0,0,0
"BH, AcGum rep1",1.0,0.0,0.0,0.193599991500378,0.0,0.0,0.0,0.0,0.0,0.0,0.0,0.0,0.0,0.0,0.0,0.0,6.9018133726091,1,0,0,0,0,0
"BH, AcGum rep1",2.0,0.0,0.0,0.091899998486042,0.0,0.0,0.0,0.0,0.0,0.0,0.0,0.0,0.0,0.0,0.0,0.0,6.81922256745719,1,0,0,0,0,0
"BH, AcGum rep2",0.0,0.0,0.0,0.0006667,0.0,0.0,0.0,0.0,0.0,0.0,0.0,0.0,0.0,0.0,0.0,0.0,6.7,1,0,0,0,0,0
"BH, AcGum rep2",1.0,0.0,0.0,0.037000000476837,0.0,0.0,0.0,0.0,0.0,0.0,0.0,0.0,0.0,0.0,0.0,0.0,6.88851757613497,1,0,0,0,0,0
"BH, AcGum rep2",2.0,0.0,0.0,0.050900004804134,0.0,0.0,0.0,0.0,0.0,0.0,0.0,0.0,0.0,0.0,0.0,0.0,6.85545157340033,1,0,0,0,0,0
"BH, AcGum rep3",0.0,0.0,0.0,0.0006667,0.0,0.0,0.0,0.0,0.0,0.0,0.0,0.0,0.0,0.0,0.0,0.0,6.7,1,0,0,0,0,0
"BH, AcGum rep3",1.0,0.0,0.0,0.021699994802475,0.0,0.0,0.0,0.0,0.0,0.0,0.0,0.0,0.0,0.0,0.0,0.0,6.8961654253973,1,0,0,0,0,0
"BH, AcGum rep3",2.0,0.0,0.0,0.076699994504452,0.0,0.0,0.0,0.0,0.0,0.0,0.0,0.0,0.0,0.0,0.0,0.0,6.83574294420274,1,0,0,0,0,0
"BH, ArGal rep1",0.0,0.0,0.0,0.0006667,0.0,0.0,0.0,0.0,0.0,0.0,0.0,0.0,0.0,0.0,0.0,0.0,6.7,0,1,0,0,0,0
"BH, ArGal rep1",1.0,0.0,0.0,0.040500000119209,0.0,0.0,0.0,0.0,0.0,0.0,0.0,0.0,0.0,0.0,0.0,0.0,6.90444050961198,0,1,0,0,0,0
"BH, ArGal rep1",2.0,0.0,0.0,0.057500004768372,0.0,0.0,0.0,0.0,0.0,0.0,0.0,0.0,0.0,0.0,0.0,0.0,6.84730286574035,0,1,0,0,0,0
"BH, ArGal rep2",0.0,0.0,0.0,0.0006667,0.0,0.0,0.0,0.0,0.0,0.0,0.0,0.0,0.0,0.0,0.0,0.0,6.7,0,1,0,0,0,0
"BH, ArGal rep2",1.0,0.0,0.0,0.034099999815226,0.0,0.0,0.0,0.0,0.0,0.0,0.0,0.0,0.0,0.0,0.0,0.0,6.90883539605202,0,1,0,0,0,0
"BH, ArGal rep2",2.0,0.0,0.0,0.06140000000596,0.0,0.0,0.0,0.0,0.0,0.0,0.0,0.0,0.0,0.0,0.0,0.0,6.83534511531887,0,1,0,0,0,0
"BH, ArGal rep3",0.0,0.0,0.0,0.0006667,0.0,0.0,0.0,0.0,0.0,0.0,0.0,0.0,0.0,0.0,0.0,0.0,6.7,0,1,0,0,0,0
"BH, ArGal rep3",1.0,0.0,0.0,0.02589999884367,0.0,0.0,0.0,0.0,0.0,0.0,0.0,0.0,0.0,0.0,0.0,0.0,6.8942315696878,0,1,0,0,0,0
"BH, ArGal rep3",2.0,0.0,0.0,0.056100003421307,0.0,0.0,0.0,0.0,0.0,0.0,0.0,0.0,0.0,0.0,0.0,0.0,6.82867747661802,0,1,0,0,0,0
"BH, Inulin rep1",0.0,0.0,0.0,0.0006667,0.0,0.0,0.0,0.0,0.0,0.0,0.0,0.0,0.0,0.0,0.0,0.0,6.7,0,0,1,0,0,0
"BH, Inulin rep1",1.0,0.0,0.0,0.135600000619888,0.0,0.0,0.0,0.0,0.0,0.0,0.0,0.0,0.0,0.0,0.0,0.0,6.83361829143092,0,0,1,0,0,0
"BH, Inulin rep1",2.0,0.0,0.0,0.157399997115135,0.0,0.0,0.0,0.0,0.0,0.0,0.0,0.0,0.0,0.0,0.0,0.0,6.6983955418709,0,0,1,0,0,0
"BH, Inulin rep2",0.0,0.0,0.0,0.0006667,0.0,0.0,0.0,0.0,0.0,0.0,0.0,0.0,0.0,0.0,0.0,0.0,6.7,0,0,1,0,0,0
"BH, Inulin rep2",1.0,0.0,0.0,0.143600009381771,0.0,0.0,0.0,0.0,0.0,0.0,0.0,0.0,0.0,0.0,0.0,0.0,6.78149368167787,0,0,1,0,0,0
"BH, Inulin rep2",2.0,0.0,0.0,0.188000001013279,0.0,0.0,0.0,0.0,0.0,0.0,0.0,0.0,0.0,0.0,0.0,0.0,6.67087431219603,0,0,1,0,0,0
"BH, Inulin rep3",0.0,0.0,0.0,0.0006667,0.0,0.0,0.0,0.0,0.0,0.0,0.0,0.0,0.0,0.0,0.0,0.0,6.7,0,0,1,0,0,0
"BH, Inulin rep3",1.0,0.0,0.0,0.126499995589256,0.0,0.0,0.0,0.0,0.0,0.0,0.0,0.0,0.0,0.0,0.0,0.0,6.79691807326453,0,0,1,0,0,0
"BH, Inulin rep3",2.0,0.0,0.0,0.166400000452995,0.0,0.0,0.0,0.0,0.0,0.0,0.0,0.0,0.0,0.0,0.0,0.0,6.68036290956431,0,0,1,0,0,0
"BH, Starch rep1",0.0,0.0,0.0,0.0006667,0.0,0.0,0.0,0.0,0.0,0.0,0.0,0.0,0.0,0.0,0.0,0.0,6.7,0,0,0,0,1,0
"BH, Starch rep1",1.0,0.0,0.0,0.033099994063377,0.0,0.0,0.0,0.0,0.0,0.0,0.0,0.0,0.0,0.0,0.0,0.0,6.84443255839443,0,0,0,0,1,0
"BH, Starch rep1",2.0,0.0,0.0,0.00959999859333,0.0,0.0,0.0,0.0,0.0,0.0,0.0,0.0,0.0,0.0,0.0,0.0,6.82248030444761,0,0,0,0,1,0
"BH, Starch rep2",0.0,0.0,0.0,0.0006667,0.0,0.0,0.0,0.0,0.0,0.0,0.0,0.0,0.0,0.0,0.0,0.0,6.7,0,0,0,0,1,0
"BH, Starch rep2",1.0,0.0,0.0,0.035300001502037,0.0,0.0,0.0,0.0,0.0,0.0,0.0,0.0,0.0,0.0,0.0,0.0,6.83068517583803,0,0,0,0,1,0
"BH, Starch rep2",2.0,0.0,0.0,0.007799997925759,0.0,0.0,0.0,0.0,0.0,0.0,0.0,0.0,0.0,0.0,0.0,0.0,6.79025291619193,0,0,0,0,1,0
"BH, Starch rep3",0.0,0.0,0.0,0.0006667,0.0,0.0,0.0,0.0,0.0,0.0,0.0,0.0,0.0,0.0,0.0,0.0,6.7,0,0,0,0,1,0
"BH, Starch rep3",1.0,0.0,0.0,0.030600011348724,0.0,0.0,0.0,0.0,0.0,0.0,0.0,0.0,0.0,0.0,0.0,0.0,6.85891231431354,0,0,0,0,1,0
"BH, Starch rep3",2.0,0.0,0.0,0.005000010132789,0.0,0.0,0.0,0.0,0.0,0.0,0.0,0.0,0.0,0.0,0.0,0.0,6.85339189462492,0,0,0,0,1,0
"BH, Xylan rep1",0.0,0.0,0.0,0.0006667,0.0,0.0,0.0,0.0,0.0,0.0,0.0,0.0,0.0,0.0,0.0,0.0,6.7,0,0,0,0,0,1
"BH, Xylan rep1",1.0,0.0,0.0,0.042199999094009,0.0,0.0,0.0,0.0,0.0,0.0,0.0,0.0,0.0,0.0,0.0,0.0,6.86956123826014,0,0,0,0,0,1
"BH, Xylan rep1",2.0,0.0,0.0,0.082800000905991,0.0,0.0,0.0,0.0,0.0,0.0,0.0,0.0,0.0,0.0,0.0,0.0,6.81210547563186,0,0,0,0,0,1
"BH, Xylan rep2",0.0,0.0,0.0,0.0006667,0.0,0.0,0.0,0.0,0.0,0.0,0.0,0.0,0.0,0.0,0.0,0.0,6.7,0,0,0,0,0,1
"BH, Xylan rep2",1.0,0.0,0.0,0.035299994051457,0.0,0.0,0.0,0.0,0.0,0.0,0.0,0.0,0.0,0.0,0.0,0.0,6.85028986823183,0,0,0,0,0,1
"BH, Xylan rep2",2.0,0.0,0.0,0.069599993526936,0.0,0.0,0.0,0.0,0.0,0.0,0.0,0.0,0.0,0.0,0.0,0.0,6.83904849492934,0,0,0,0,0,1
"BH, Xylan rep3",0.0,0.0,0.0,0.0006667,0.0,0.0,0.0,0.0,0.0,0.0,0.0,0.0,0.0,0.0,0.0,0.0,6.7,0,0,0,0,0,1
"BH, Xylan rep3",1.0,0.0,0.0,0.043699998408556,0.0,0.0,0.0,0.0,0.0,0.0,0.0,0.0,0.0,0.0,0.0,0.0,6.87531905153182,0,0,0,0,0,1
"BH, Xylan rep3",2.0,0.0,0.0,0.096300002187491,0.0,0.0,0.0,0.0,0.0,0.0,0.0,0.0,0.0,0.0,0.0,0.0,6.78882547727027,0,0,0,0,0,1
"BH, none rep1",0.0,0.0,0.0,0.0006667,0.0,0.0,0.0,0.0,0.0,0.0,0.0,0.0,0.0,0.0,0.0,0.0,6.7,0,0,0,0,0,0
"BH, none rep1",1.0,0.0,0.0,0.030200000852346,0.0,0.0,0.0,0.0,0.0,0.0,0.0,0.0,0.0,0.0,0.0,0.0,6.88201350158237,0,0,0,0,0,0
"BH, none rep1",2.0,0.0,0.0,0.053600002080202,0.0,0.0,0.0,0.0,0.0,0.0,0.0,0.0,0.0,0.0,0.0,0.0,6.85673551182823,0,0,0,0,0,0
"BH, none rep2",0.0,0.0,0.0,0.0006667,0.0,0.0,0.0,0.0,0.0,0.0,0.0,0.0,0.0,0.0,0.0,0.0,6.7,0,0,0,0,0,0
"BH, none rep2",1.0,0.0,0.0,0.017499998211861,0.0,0.0,0.0,0.0,0.0,0.0,0.0,0.0,0.0,0.0,0.0,0.0,6.9056312073369,0,0,0,0,0,0
"BH, none rep2",2.0,0.0,0.0,0.0287000015378,0.0,0.0,0.0,0.0,0.0,0.0,0.0,0.0,0.0,0.0,0.0,0.0,6.87879887483718,0,0,0,0,0,0
"BH, none rep3",0.0,0.0,0.0,0.0006667,0.0,0.0,0.0,0.0,0.0,0.0,0.0,0.0,0.0,0.0,0.0,0.0,6.7,0,0,0,0,0,0
"BH, none rep3",1.0,0.0,0.0,0.014499999582768,0.0,0.0,0.0,0.0,0.0,0.0,0.0,0.0,0.0,0.0,0.0,0.0,6.89652738871923,0,0,0,0,0,0
"BH, none rep3",2.0,0.0,0.0,0.048900000751019,0.0,0.0,0.0,0.0,0.0,0.0,0.0,0.0,0.0,0.0,0.0,0.0,6.8422056820993,0,0,0,0,0,0
"BL, AcGum rep1",0.0,0.0,0.0,0.0,0.0006667,0.0,0.0,0.0,0.0,0.0,0.0,0.0,0.0,0.0,0.0,0.0,6.7,1,0,0,0,0,0
"BL, AcGum rep1",1.0,0.0,0.0,0.0,0.008600004017353,0.0,0.0,0.0,0.0,0.0,0.0,0.0,0.0,0.0,0.0,0.0,6.89326249557701,1,0,0,0,0,0
"BL, AcGum rep1",2.0,0.0,0.0,0.0,0.011200003325939,0.0,0.0,0.0,0.0,0.0,0.0,0.0,0.0,0.0,0.0,0.0,6.89809359156904,1,0,0,0,0,0
"BL, AcGum rep2",0.0,0.0,0.0,0.0,0.0006667,0.0,0.0,0.0,0.0,0.0,0.0,0.0,0.0,0.0,0.0,0.0,6.7,1,0,0,0,0,0
"BL, AcGum rep2",1.0,0.0,0.0,0.0,0.002000004053116,0.0,0.0,0.0,0.0,0.0,0.0,0.0,0.0,0.0,0.0,0.0,6.93597596328989,1,0,0,0,0,0
"BL, AcGum rep2",2.0,0.0,0.0,0.0,0.014800004661083,0.0,0.0,0.0,0.0,0.0,0.0,0.0,0.0,0.0,0.0,0.0,6.88386088214671,1,0,0,0,0,0
"BL, AcGum rep3",0.0,0.0,0.0,0.0,0.0006667,0.0,0.0,0.0,0.0,0.0,0.0,0.0,0.0,0.0,0.0,0.0,6.7,1,0,0,0,0,0
"BL, AcGum rep3",1.0,0.0,0.0,0.0,-0.000800006091595,0.0,0.0,0.0,0.0,0.0,0.0,0.0,0.0,0.0,0.0,0.0,6.89289872241642,1,0,0,0,0,0
"BL, AcGum rep3",2.0,0.0,0.0,0.0,0.013899996876717,0.0,0.0,0.0,0.0,0.0,0.0,0.0,0.0,0.0,0.0,0.0,6.87631519613855,1,0,0,0,0,0
"BL, ArGal rep1",0.0,0.0,0.0,0.0,0.0006667,0.0,0.0,0.0,0.0,0.0,0.0,0.0,0.0,0.0,0.0,0.0,6.7,0,1,0,0,0,0
"BL, ArGal rep1",1.0,0.0,0.0,0.0,-0.000399999320507,0.0,0.0,0.0,0.0,0.0,0.0,0.0,0.0,0.0,0.0,0.0,6.91998765259328,0,1,0,0,0,0
"BL, ArGal rep1",2.0,0.0,0.0,0.0,0.011399999260902,0.0,0.0,0.0,0.0,0.0,0.0,0.0,0.0,0.0,0.0,0.0,6.90836168164928,0,1,0,0,0,0
"BL, ArGal rep2",0.0,0.0,0.0,0.0,0.0006667,0.0,0.0,0.0,0.0,0.0,0.0,0.0,0.0,0.0,0.0,0.0,6.7,0,1,0,0,0,0
"BL, ArGal rep2",1.0,0.0,0.0,0.0,-0.000399999320507,0.0,0.0,0.0,0.0,0.0,0.0,0.0,0.0,0.0,0.0,0.0,6.92439667260173,0,1,0,0,0,0
"BL, ArGal rep2",2.0,0.0,0.0,0.0,0.0219999961555,0.0,0.0,0.0,0.0,0.0,0.0,0.0,0.0,0.0,0.0,0.0,6.89821391396441,0,1,0,0,0,0
"BL, ArGal rep3",0.0,0.0,0.0,0.0,0.0006667,0.0,0.0,0.0,0.0,0.0,0.0,0.0,0.0,0.0,0.0,0.0,6.7,0,1,0,0,0,0
"BL, ArGal rep3",1.0,0.0,0.0,0.0,-0.002299997955561,0.0,0.0,0.0,0.0,0.0,0.0,0.0,0.0,0.0,0.0,0.0,6.91449366197317,0,1,0,0,0,0
"BL, ArGal rep3",2.0,0.0,0.0,0.0,0.011500000953674,0.0,0.0,0.0,0.0,0.0,0.0,0.0,0.0,0.0,0.0,0.0,6.87941831031209,0,1,0,0,0,0
"BL, Inulin rep1",0.0,0.0,0.0,0.0,0.0006667,0.0,0.0,0.0,0.0,0.0,0.0,0.0,0.0,0.0,0.0,0.0,6.7,0,0,1,0,0,0
"BL, Inulin rep1",1.0,0.0,0.0,0.0,0.602299973368645,0.0,0.0,0.0,0.0,0.0,0.0,0.0,0.0,0.0,0.0,0.0,5.74485635810649,0,0,1,0,0,0
"BL, Inulin rep1",2.0,0.0,0.0,0.0,0.622899994254112,0.0,0.0,0.0,0.0,0.0,0.0,0.0,0.0,0.0,0.0,0.0,5.71584042195646,0,0,1,0,0,0
"BL, Inulin rep2",0.0,0.0,0.0,0.0,0.0006667,0.0,0.0,0.0,0.0,0.0,0.0,0.0,0.0,0.0,0.0,0.0,6.7,0,0,1,0,0,0
"BL, Inulin rep2",1.0,0.0,0.0,0.0,0.590700007975101,0.0,0.0,0.0,0.0,0.0,0.0,0.0,0.0,0.0,0.0,0.0,5.78822160848465,0,0,1,0,0,0
"BL, Inulin rep2",2.0,0.0,0.0,0.0,0.618700005114079,0.0,0.0,0.0,0.0,0.0,0.0,0.0,0.0,0.0,0.0,0.0,5.74384861408998,0,0,1,0,0,0
"BL, Inulin rep3",0.0,0.0,0.0,0.0,0.0006667,0.0,0.0,0.0,0.0,0.0,0.0,0.0,0.0,0.0,0.0,0.0,6.7,0,0,1,0,0,0
"BL, Inulin rep3",1.0,0.0,0.0,0.0,0.61769999563694,0.0,0.0,0.0,0.0,0.0,0.0,0.0,0.0,0.0,0.0,0.0,5.78171803186698,0,0,1,0,0,0
"BL, Inulin rep3",2.0,0.0,0.0,0.0,0.63409997522831,0.0,0.0,0.0,0.0,0.0,0.0,0.0,0.0,0.0,0.0,0.0,5.49179592473175,0,0,1,0,0,0
"BL, Starch rep1",0.0,0.0,0.0,0.0,0.0006667,0.0,0.0,0.0,0.0,0.0,0.0,0.0,0.0,0.0,0.0,0.0,6.7,0,0,0,0,1,0
"BL, Starch rep1",1.0,0.0,0.0,0.0,-0.000799998641014,0.0,0.0,0.0,0.0,0.0,0.0,0.0,0.0,0.0,0.0,0.0,6.9082431999457,0,0,0,0,1,0
"BL, Starch rep1",2.0,0.0,0.0,0.0,0.007400006055832,0.0,0.0,0.0,0.0,0.0,0.0,0.0,0.0,0.0,0.0,0.0,6.89495743489123,0,0,0,0,1,0
"BL, Starch rep2",0.0,0.0,0.0,0.0,0.0006667,0.0,0.0,0.0,0.0,0.0,0.0,0.0,0.0,0.0,0.0,0.0,6.7,0,0,0,0,1,0
"BL, Starch rep2",1.0,0.0,0.0,0.0,-0.010599993169307,0.0,0.0,0.0,0.0,0.0,0.0,0.0,0.0,0.0,0.0,0.0,6.92509017677987,0,0,0,0,1,0
"BL, Starch rep2",2.0,0.0,0.0,0.0,0.00840000808239,0.0,0.0,0.0,0.0,0.0,0.0,0.0,0.0,0.0,0.0,0.0,6.91355396897973,0,0,0,0,1,0
"BL, Starch rep3",0.0,0.0,0.0,0.0,0.0006667,0.0,0.0,0.0,0.0,0.0,0.0,0.0,0.0,0.0,0.0,0.0,6.7,0,0,0,0,1,0
"BL, Starch rep3",1.0,0.0,0.0,0.0,-0.022599995136261,0.0,0.0,0.0,0.0,0.0,0.0,0.0,0.0,0.0,0.0,0.0,6.92958049740613,0,0,0,0,1,0
"BL, Starch rep3",2.0,0.0,0.0,0.0,0.005000010132789,0.0,0.0,0.0,0.0,0.0,0.0,0.0,0.0,0.0,0.0,0.0,6.9082431999457,0,0,0,0,1,0
"BL, Xylan rep1",0.0,0.0,0.0,0.0,0.0006667,0.0,0.0,0.0,0.0,0.0,0.0,0.0,0.0,0.0,0.0,0.0,6.7,0,0,0,0,0,1
"BL, Xylan rep1",1.0,0.0,0.0,0.0,-0.002599999308586,0.0,0.0,0.0,0.0,0.0,0.0,0.0,0.0,0.0,0.0,0.0,6.88447551116964,0,0,0,0,0,1
"BL, Xylan rep1",2.0,0.0,0.0,0.0,0.009499996900558,0.0,0.0,0.0,0.0,0.0,0.0,0.0,0.0,0.0,0.0,0.0,6.87730981044303,0,0,0,0,0,1
"BL, Xylan rep2",0.0,0.0,0.0,0.0,0.0006667,0.0,0.0,0.0,0.0,0.0,0.0,0.0,0.0,0.0,0.0,0.0,6.7,0,0,0,0,0,1
"BL, Xylan rep2",1.0,0.0,0.0,0.0,-0.005400002002716,0.0,0.0,0.0,0.0,0.0,0.0,0.0,0.0,0.0,0.0,0.0,6.89119843322933,0,0,0,0,0,1
"BL, Xylan rep2",2.0,0.0,0.0,0.0,0.004399999976158,0.0,0.0,0.0,0.0,0.0,0.0,0.0,0.0,0.0,0.0,0.0,6.92115075250716,0,0,0,0,0,1
"BL, Xylan rep3",0.0,0.0,0.0,0.0,0.0006667,0.0,0.0,0.0,0.0,0.0,0.0,0.0,0.0,0.0,0.0,0.0,6.7,0,0,0,0,0,1
"BL, Xylan rep3",1.0,0.0,0.0,0.0,0.004400003701448,0.0,0.0,0.0,0.0,0.0,0.0,0.0,0.0,0.0,0.0,0.0,6.92347087798718,0,0,0,0,0,1
"BL, Xylan rep3",2.0,0.0,0.0,0.0,0.013000000268221,0.0,0.0,0.0,0.0,0.0,0.0,0.0,0.0,0.0,0.0,0.0,6.95855466064729,0,0,0,0,0,1
"BL, none rep1",0.0,0.0,0.0,0.0,0.0006667,0.0,0.0,0.0,0.0,0.0,0.0,0.0,0.0,0.0,0.0,0.0,6.7,0,0,0,0,0,0
"BL, none rep1",1.0,0.0,0.0,0.0,-0.002399999648333,0.0,0.0,0.0,0.0,0.0,0.0,0.0,0.0,0.0,0.0,0.0,6.91963832593339,0,0,0,0,0,0
"BL, none rep1",2.0,0.0,0.0,0.0,0.008000005036592,0.0,0.0,0.0,0.0,0.0,0.0,0.0,0.0,0.0,0.0,0.0,6.90646341804183,0,0,0,0,0,0
"BL, none rep2",0.0,0.0,0.0,0.0,0.0006667,0.0,0.0,0.0,0.0,0.0,0.0,0.0,0.0,0.0,0.0,0.0,6.7,0,0,0,0,0,0
"BL, none rep2",1.0,0.0,0.0,0.0,-0.002300001680851,0.0,0.0,0.0,0.0,0.0,0.0,0.0,0.0,0.0,0.0,0.0,6.91343641362824,0,0,0,0,0,0
"BL, none rep2",2.0,0.0,0.0,0.0,0.005300000309944,0.0,0.0,0.0,0.0,0.0,0.0,0.0,0.0,0.0,0.0,0.0,6.88656091888607,0,0,0,0,0,0
"BL, none rep3",0.0,0.0,0.0,0.0,0.0006667,0.0,0.0,0.0,0.0,0.0,0.0,0.0,0.0,0.0,0.0,0.0,6.7,0,0,0,0,0,0
"BL, none rep3",1.0,0.0,0.0,0.0,-0.007399998605251,0.0,0.0,0.0,0.0,0.0,0.0,0.0,0.0,0.0,0.0,0.0,6.92578296146381,0,0,0,0,0,0
"BL, none rep3",2.0,0.0,0.0,0.0,-0.003200002014637,0.0,0.0,0.0,0.0,0.0,0.0,0.0,0.0,0.0,0.0,0.0,6.86413204511964,0,0,0,0,0,0
"BU, AcGum rep1",0.0,0.0,0.0,0.0,0.0,0.0006667,0.0,0.0,0.0,0.0,0.0,0.0,0.0,0.0,0.0,0.0,6.7,1,0,0,0,0,0
"BU, AcGum rep1",1.0,0.0,0.0,0.0,0.0,0.040700003504753,0.0,0.0,0.0,0.0,0.0,0.0,0.0,0.0,0.0,0.0,6.89929582409139,1,0,0,0,0,0
"BU, AcGum rep1",2.0,0.0,0.0,0.0,0.0,0.064599998295307,0.0,0.0,0.0,0.0,0.0,0.0,0.0,0.0,0.0,0.0,6.86120913302971,1,0,0,0,0,0
"BU, AcGum rep2",0.0,0.0,0.0,0.0,0.0,0.0006667,0.0,0.0,0.0,0.0,0.0,0.0,0.0,0.0,0.0,0.0,6.7,1,0,0,0,0,0
"BU, AcGum rep2",1.0,0.0,0.0,0.0,0.0,0.047600001096725,0.0,0.0,0.0,0.0,0.0,0.0,0.0,0.0,0.0,0.0,6.89532006598989,1,0,0,0,0,0
"BU, AcGum rep2",2.0,0.0,0.0,0.0,0.0,0.064699999988079,0.0,0.0,0.0,0.0,0.0,0.0,0.0,0.0,0.0,0.0,6.8566072338605,1,0,0,0,0,0
"BU, AcGum rep3",0.0,0.0,0.0,0.0,0.0,0.0006667,0.0,0.0,0.0,0.0,0.0,0.0,0.0,0.0,0.0,0.0,6.7,1,0,0,0,0,0
"BU, AcGum rep3",1.0,0.0,0.0,0.0,0.0,0.044999994337559,0.0,0.0,0.0,0.0,0.0,0.0,0.0,0.0,0.0,0.0,6.89664799875665,1,0,0,0,0,0
"BU, AcGum rep3",2.0,0.0,0.0,0.0,0.0,0.065499998629093,0.0,0.0,0.0,0.0,0.0,0.0,0.0,0.0,0.0,0.0,6.88851757613497,1,0,0,0,0,0
"BU, ArGal rep1",0.0,0.0,0.0,0.0,0.0,0.0006667,0.0,0.0,0.0,0.0,0.0,0.0,0.0,0.0,0.0,0.0,6.7,0,1,0,0,0,0
"BU, ArGal rep1",1.0,0.0,0.0,0.0,0.0,0.356100000441074,0.0,0.0,0.0,0.0,0.0,0.0,0.0,0.0,0.0,0.0,6.61121713532157,0,1,0,0,0,0
"BU, ArGal rep1",2.0,0.0,0.0,0.0,0.0,0.384200014173985,0.0,0.0,0.0,0.0,0.0,0.0,0.0,0.0,0.0,0.0,6.59834957060079,0,1,0,0,0,0
"BU, ArGal rep2",0.0,0.0,0.0,0.0,0.0,0.0006667,0.0,0.0,0.0,0.0,0.0,0.0,0.0,0.0,0.0,0.0,6.7,0,1,0,0,0,0
"BU, ArGal rep2",1.0,0.0,0.0,0.0,0.0,0.350300010293722,0.0,0.0,0.0,0.0,0.0,0.0,0.0,0.0,0.0,0.0,6.63851311052239,0,1,0,0,0,0
"BU, ArGal rep2",2.0,0.0,0.0,0.0,0.0,0.38629999384284,0.0,0.0,0.0,0.0,0.0,0.0,0.0,0.0,0.0,0.0,6.63648706662156,0,1,0,0,0,0
"BU, ArGal rep3",0.0,0.0,0.0,0.0,0.0,0.0006667,0.0,0.0,0.0,0.0,0.0,0.0,0.0,0.0,0.0,0.0,6.7,0,1,0,0,0,0
"BU, ArGal rep3",1.0,0.0,0.0,0.0,0.0,0.340000011026859,0.0,0.0,0.0,0.0,0.0,0.0,0.0,0.0,0.0,0.0,6.59617651845193,0,1,0,0,0,0
"BU, ArGal rep3",2.0,0.0,0.0,0.0,0.0,0.381399996578693,0.0,0.0,0.0,0.0,0.0,0.0,0.0,0.0,0.0,0.0,6.58154135389117,0,1,0,0,0,0
"BU, Inulin rep1",0.0,0.0,0.0,0.0,0.0,0.0006667,0.0,0.0,0.0,0.0,0.0,0.0,0.0,0.0,0.0,0.0,6.7,0,0,1,0,0,0
"BU, Inulin rep1",1.0,0.0,0.0,0.0,0.0,0.739700004458427,0.0,0.0,0.0,0.0,0.0,0.0,0.0,0.0,0.0,0.0,4.84165282568639,0,0,1,0,0,0
"BU, Inulin rep1",2.0,0.0,0.0,0.0,0.0,0.751900002360344,0.0,0.0,0.0,0.0,0.0,0.0,0.0,0.0,0.0,0.0,5.45886705274151,0,0,1,0,0,0
"BU, Inulin rep2",0.0,0.0,0.0,0.0,0.0,0.0006667,0.0,0.0,0.0,0.0,0.0,0.0,0.0,0.0,0.0,0.0,6.7,0,0,1,0,0,0
"BU, Inulin rep2",1.0,0.0,0.0,0.0,0.0,0.739900030195713,0.0,0.0,0.0,0.0,0.0,0.0,0.0,0.0,0.0,0.0,4.5583103566723,0,0,1,0,0,0
"BU, Inulin rep2",2.0,0.0,0.0,0.0,0.0,0.732700027525425,0.0,0.0,0.0,0.0,0.0,0.0,0.0,0.0,0.0,0.0,5.24715632349737,0,0,1,0,0,0
"BU, Inulin rep3",0.0,0.0,0.0,0.0,0.0,0.0006667,0.0,0.0,0.0,0.0,0.0,0.0,0.0,0.0,0.0,0.0,6.7,0,0,1,0,0,0
"BU, Inulin rep3",1.0,0.0,0.0,0.0,0.0,0.747800007462502,0.0,0.0,0.0,0.0,0.0,0.0,0.0,0.0,0.0,0.0,4.87226829154909,0,0,1,0,0,0
"BU, Inulin rep3",2.0,0.0,0.0,0.0,0.0,0.742100015282631,0.0,0.0,0.0,0.0,0.0,0.0,0.0,0.0,0.0,0.0,5.22459012458312,0,0,1,0,0,0
"BU, Starch rep1",0.0,0.0,0.0,0.0,0.0,0.0006667,0.0,0.0,0.0,0.0,0.0,0.0,0.0,0.0,0.0,0.0,6.7,0,0,0,0,1,0
"BU, Starch rep1",1.0,0.0,0.0,0.0,0.0,0.58119997382164,0.0,0.0,0.0,0.0,0.0,0.0,0.0,0.0,0.0,0.0,5.46950501858401,0,0,0,0,1,0
"BU, Starch rep1",2.0,0.0,0.0,0.0,0.0,0.702500015497208,0.0,0.0,0.0,0.0,0.0,0.0,0.0,0.0,0.0,0.0,4.65070702858362,0,0,0,0,1,0
"BU, Starch rep2",0.0,0.0,0.0,0.0,0.0,0.0006667,0.0,0.0,0.0,0.0,0.0,0.0,0.0,0.0,0.0,0.0,6.7,0,0,0,0,1,0
"BU, Starch rep2",1.0,0.0,0.0,0.0,0.0,0.569399997591973,0.0,0.0,0.0,0.0,0.0,0.0,0.0,0.0,0.0,0.0,5.65339704912158,0,0,0,0,1,0
"BU, Starch rep2",2.0,0.0,0.0,0.0,0.0,0.718399986624718,0.0,0.0,0.0,0.0,0.0,0.0,0.0,0.0,0.0,0.0,5.05766774431762,0,0,0,0,1,0
"BU, Starch rep3",0.0,0.0,0.0,0.0,0.0,0.0006667,0.0,0.0,0.0,0.0,0.0,0.0,0.0,0.0,0.0,0.0,6.7,0,0,0,0,1,0
"BU, Starch rep3",1.0,0.0,0.0,0.0,0.0,0.566599994897842,0.0,0.0,0.0,0.0,0.0,0.0,0.0,0.0,0.0,0.0,6.1350131308457,0,0,0,0,1,0
"BU, Starch rep3",2.0,0.0,0.0,0.0,0.0,0.65870001912117,0.0,0.0,0.0,0.0,0.0,0.0,0.0,0.0,0.0,0.0,6.17578151127034,0,0,0,0,1,0
"BU, Xylan rep1",0.0,0.0,0.0,0.0,0.0,0.0006667,0.0,0.0,0.0,0.0,0.0,0.0,0.0,0.0,0.0,0.0,6.7,0,0,0,0,0,1
"BU, Xylan rep1",1.0,0.0,0.0,0.0,0.0,0.209500014781952,0.0,0.0,0.0,0.0,0.0,0.0,0.0,0.0,0.0,0.0,6.74268586127785,0,0,0,0,0,1
"BU, Xylan rep1",2.0,0.0,0.0,0.0,0.0,0.299699991941452,0.0,0.0,0.0,0.0,0.0,0.0,0.0,0.0,0.0,0.0,6.54070216562951,0,0,0,0,0,1
"BU, Xylan rep2",0.0,0.0,0.0,0.0,0.0,0.0006667,0.0,0.0,0.0,0.0,0.0,0.0,0.0,0.0,0.0,0.0,6.7,0,0,0,0,0,1
"BU, Xylan rep2",1.0,0.0,0.0,0.0,0.0,0.189000003039837,0.0,0.0,0.0,0.0,0.0,0.0,0.0,0.0,0.0,0.0,6.80685276460162,0,0,0,0,0,1
"BU, Xylan rep2",2.0,0.0,0.0,0.0,0.0,0.264499984681606,0.0,0.0,0.0,0.0,0.0,0.0,0.0,0.0,0.0,0.0,6.70957639177074,0,0,0,0,0,1
"BU, Xylan rep3",0.0,0.0,0.0,0.0,0.0,0.0006667,0.0,0.0,0.0,0.0,0.0,0.0,0.0,0.0,0.0,0.0,6.7,0,0,0,0,0,1
"BU, Xylan rep3",1.0,0.0,0.0,0.0,0.0,0.19319998845458,0.0,0.0,0.0,0.0,0.0,0.0,0.0,0.0,0.0,0.0,6.72912486521968,0,0,0,0,0,1
"BU, Xylan rep3",2.0,0.0,0.0,0.0,0.0,0.182900007814169,0.0,0.0,0.0,0.0,0.0,0.0,0.0,0.0,0.0,0.0,6.65572229069632,0,0,0,0,0,1
"BU, none rep1",0.0,0.0,0.0,0.0,0.0,0.0006667,0.0,0.0,0.0,0.0,0.0,0.0,0.0,0.0,0.0,0.0,6.7,0,0,0,0,0,0
"BU, none rep1",1.0,0.0,0.0,0.0,0.0,0.018500003963709,0.0,0.0,0.0,0.0,0.0,0.0,0.0,0.0,0.0,0.0,7.03362549365445,0,0,0,0,0,0
"BU, none rep1",2.0,0.0,0.0,0.0,0.0,0.005399998277426,0.0,0.0,0.0,0.0,0.0,0.0,0.0,0.0,0.0,0.0,6.99443445175477,0,0,0,0,0,0
"BU, none rep2",0.0,0.0,0.0,0.0,0.0,0.0006667,0.0,0.0,0.0,0.0,0.0,0.0,0.0,0.0,0.0,0.0,6.7,0,0,0,0,0,0
"BU, none rep2",1.0,0.0,0.0,0.0,0.0,-0.002999998629093,0.0,0.0,0.0,0.0,0.0,0.0,0.0,0.0,0.0,0.0,6.92393393586057,0,0,0,0,0,0
"BU, none rep2",2.0,0.0,0.0,0.0,0.0,0.002300001680851,0.0,0.0,0.0,0.0,0.0,0.0,0.0,0.0,0.0,0.0,6.92115075250716,0,0,0,0,0,0
"BU, none rep3",0.0,0.0,0.0,0.0,0.0,0.0006667,0.0,0.0,0.0,0.0,0.0,0.0,0.0,0.0,0.0,0.0,6.7,0,0,0,0,0,0
"BU, none rep3",1.0,0.0,0.0,0.0,0.0,-0.012499999254942,0.0,0.0,0.0,0.0,0.0,0.0,0.0,0.0,0.0,0.0,6.93210027517637,0,0,0,0,0,0
"BU, none rep3",2.0,0.0,0.0,0.0,0.0,-0.006599999964237,0.0,0.0,0.0,0.0,0.0,0.0,0.0,0.0,0.0,0.0,6.93210027517637,0,0,0,0,0,0
"CA, AcGum rep1",0.0,0.0,0.0,0.0,0.0,0.0,0.0006667,0.0,0.0,0.0,0.0,0.0,0.0,0.0,0.0,0.0,6.7,1,0,0,0,0,0
"CA, AcGum rep1",1.0,0.0,0.0,0.0,0.0,0.0,0.003899998962879,0.0,0.0,0.0,0.0,0.0,0.0,0.0,0.0,0.0,6.90217223668111,1,0,0,0,0,0
"CA, AcGum rep1",2.0,0.0,0.0,0.0,0.0,0.0,0.007799997925758,0.0,0.0,0.0,0.0,0.0,0.0,0.0,0.0,0.0,6.88741767920297,1,0,0,0,0,0
"CA, AcGum rep2",0.0,0.0,0.0,0.0,0.0,0.0,0.0006667,0.0,0.0,0.0,0.0,0.0,0.0,0.0,0.0,0.0,6.7,1,0,0,0,0,0
"CA, AcGum rep2",1.0,0.0,0.0,0.0,0.0,0.0,0.015399999916553,0.0,0.0,0.0,0.0,0.0,0.0,0.0,0.0,0.0,6.9043213214223,1,0,0,0,0,0
"CA, AcGum rep2",2.0,0.0,0.0,0.0,0.0,0.0,0.012800000607967,0.0,0.0,0.0,0.0,0.0,0.0,0.0,0.0,0.0,6.88533501760615,1,0,0,0,0,0
"CA, AcGum rep3",0.0,0.0,0.0,0.0,0.0,0.0,0.0006667,0.0,0.0,0.0,0.0,0.0,0.0,0.0,0.0,0.0,6.7,1,0,0,0,0,0
"CA, AcGum rep3",1.0,0.0,0.0,0.0,0.0,0.0,0.013599999248982,0.0,0.0,0.0,0.0,0.0,0.0,0.0,0.0,0.0,6.91648610004911,1,0,0,0,0,0
"CA, AcGum rep3",2.0,0.0,0.0,0.0,0.0,0.0,0.017399996519089,0.0,0.0,0.0,0.0,0.0,0.0,0.0,0.0,0.0,6.88705063412882,1,0,0,0,0,0
"CA, ArGal rep1",0.0,0.0,0.0,0.0,0.0,0.0,0.0006667,0.0,0.0,0.0,0.0,0.0,0.0,0.0,0.0,0.0,6.7,0,1,0,0,0,0
"CA, ArGal rep1",1.0,0.0,0.0,0.0,0.0,0.0,0.019600003957748,0.0,0.0,0.0,0.0,0.0,0.0,0.0,0.0,0.0,6.92404965013074,0,1,0,0,0,0
"CA, ArGal rep1",2.0,0.0,0.0,0.0,0.0,0.0,0.004000000655651,0.0,0.0,0.0,0.0,0.0,0.0,0.0,0.0,0.0,6.93631686526921,0,1,0,0,0,0
"CA, ArGal rep2",0.0,0.0,0.0,0.0,0.0,0.0,0.0006667,0.0,0.0,0.0,0.0,0.0,0.0,0.0,0.0,0.0,6.7,0,1,0,0,0,0
"CA, ArGal rep2",1.0,0.0,0.0,0.0,0.0,0.0,0.010800000280142,0.0,0.0,0.0,0.0,0.0,0.0,0.0,0.0,0.0,6.93129955453247,0,1,0,0,0,0
"CA, ArGal rep2",2.0,0.0,0.0,0.0,0.0,0.0,0.000899996608496,0.0,0.0,0.0,0.0,0.0,0.0,0.0,0.0,0.0,6.88607083525106,0,1,0,0,0,0
"CA, ArGal rep3",0.0,0.0,0.0,0.0,0.0,0.0,0.0006667,0.0,0.0,0.0,0.0,0.0,0.0,0.0,0.0,0.0,6.7,0,1,0,0,0,0
"CA, ArGal rep3",1.0,0.0,0.0,0.0,0.0,0.0,0.003800004720688,0.0,0.0,0.0,0.0,0.0,0.0,0.0,0.0,0.0,6.95259193744807,0,1,0,0,0,0
"CA, ArGal rep3",2.0,0.0,0.0,0.0,0.0,0.0,0.002599999308586,0.0,0.0,0.0,0.0,0.0,0.0,0.0,0.0,0.0,6.9032476560149,0,1,0,0,0,0
"CA, Inulin rep1",0.0,0.0,0.0,0.0,0.0,0.0,0.0006667,0.0,0.0,0.0,0.0,0.0,0.0,0.0,0.0,0.0,6.7,0,0,1,0,0,0
"CA, Inulin rep1",1.0,0.0,0.0,0.0,0.0,0.0,-0.001400001347065,0.0,0.0,0.0,0.0,0.0,0.0,0.0,0.0,0.0,6.91625200580586,0,0,1,0,0,0
"CA, Inulin rep1",2.0,0.0,0.0,0.0,0.0,0.0,-0.001199997961521,0.0,0.0,0.0,0.0,0.0,0.0,0.0,0.0,0.0,6.90551223431,0,0,1,0,0,0
"CA, Inulin rep2",0.0,0.0,0.0,0.0,0.0,0.0,0.0006667,0.0,0.0,0.0,0.0,0.0,0.0,0.0,0.0,0.0,6.7,0,0,1,0,0,0
"CA, Inulin rep2",1.0,0.0,0.0,0.0,0.0,0.0,0.000500001013279,0.0,0.0,0.0,0.0,0.0,0.0,0.0,0.0,0.0,6.94242378737685,0,0,1,0,0,0
"CA, Inulin rep2",2.0,0.0,0.0,0.0,0.0,0.0,0.008100003004074,0.0,0.0,0.0,0.0,0.0,0.0,0.0,0.0,0.0,6.91449366197317,0,0,1,0,0,0
"CA, Inulin rep3",0.0,0.0,0.0,0.0,0.0,0.0,0.0006667,0.0,0.0,0.0,0.0,0.0,0.0,0.0,0.0,0.0,6.7,0,0,1,0,0,0
"CA, Inulin rep3",1.0,0.0,0.0,0.0,0.0,0.0,0.001299999654293,0.0,0.0,0.0,0.0,0.0,0.0,0.0,0.0,0.0,6.92682079342454,0,0,1,0,0,0
"CA, Inulin rep3",2.0,0.0,0.0,0.0,0.0,0.0,0.010999999940395,0.0,0.0,0.0,0.0,0.0,0.0,0.0,0.0,0.0,6.9175385041676,0,0,1,0,0,0
"CA, Starch rep1",0.0,0.0,0.0,0.0,0.0,0.0,0.0006667,0.0,0.0,0.0,0.0,0.0,0.0,0.0,0.0,0.0,6.7,0,0,0,0,1,0
"CA, Starch rep1",1.0,0.0,0.0,0.0,0.0,0.0,-0.005199998617172,0.0,0.0,0.0,0.0,0.0,0.0,0.0,0.0,0.0,6.94791788261691,0,0,0,0,1,0
"CA, Starch rep1",2.0,0.0,0.0,0.0,0.0,0.0,0.003700003027916,0.0,0.0,0.0,0.0,0.0,0.0,0.0,0.0,0.0,6.90491704687831,0,0,0,0,1,0
"CA, Starch rep2",0.0,0.0,0.0,0.0,0.0,0.0,0.0006667,0.0,0.0,0.0,0.0,0.0,0.0,0.0,0.0,0.0,6.7,0,0,0,0,1,0
"CA, Starch rep2",1.0,0.0,0.0,0.0,0.0,0.0,-0.004699997603893,0.0,0.0,0.0,0.0,0.0,0.0,0.0,0.0,0.0,6.94523246802244,0,0,0,0,1,0
"CA, Starch rep2",2.0,0.0,0.0,0.0,0.0,0.0,0.001500010490418,0.0,0.0,0.0,0.0,0.0,0.0,0.0,0.0,0.0,6.91882251636525,0,0,0,0,1,0
"CA, Starch rep3",0.0,0.0,0.0,0.0,0.0,0.0,0.0006667,0.0,0.0,0.0,0.0,0.0,0.0,0.0,0.0,0.0,6.7,0,0,0,0,1,0
"CA, Starch rep3",1.0,0.0,0.0,0.0,0.0,0.0,-0.013699993491173,0.0,0.0,0.0,0.0,0.0,0.0,0.0,0.0,0.0,6.92946573662493,0,0,0,0,1,0
"CA, Starch rep3",2.0,0.0,0.0,0.0,0.0,0.0,-0.006699994206429,0.0,0.0,0.0,0.0,0.0,0.0,0.0,0.0,0.0,6.90705721210052,0,0,0,0,1,0
"CA, Xylan rep1",0.0,0.0,0.0,0.0,0.0,0.0,0.0006667,0.0,0.0,0.0,0.0,0.0,0.0,0.0,0.0,0.0,6.7,0,0,0,0,0,1
"CA, Xylan rep1",1.0,0.0,0.0,0.0,0.0,0.0,0.001800000667572,0.0,0.0,0.0,0.0,0.0,0.0,0.0,0.0,0.0,6.89809359156904,0,0,0,0,0,1
"CA, Xylan rep1",2.0,0.0,0.0,0.0,0.0,0.0,0.005599997937679,0.0,0.0,0.0,0.0,0.0,0.0,0.0,0.0,0.0,6.93529364056958,0,0,0,0,0,1
"CA, Xylan rep2",0.0,0.0,0.0,0.0,0.0,0.0,0.0006667,0.0,0.0,0.0,0.0,0.0,0.0,0.0,0.0,0.0,6.7,0,0,0,0,0,1
"CA, Xylan rep2",1.0,0.0,0.0,0.0,0.0,0.0,-0.000500001013279,0.0,0.0,0.0,0.0,0.0,0.0,0.0,0.0,0.0,6.89362606656798,0,0,0,0,0,1
"CA, Xylan rep2",2.0,0.0,0.0,0.0,0.0,0.0,0.001499995589256,0.0,0.0,0.0,0.0,0.0,0.0,0.0,0.0,0.0,6.88876174596044,0,0,0,0,0,1
"CA, Xylan rep3",0.0,0.0,0.0,0.0,0.0,0.0,0.0006667,0.0,0.0,0.0,0.0,0.0,0.0,0.0,0.0,0.0,6.7,0,0,0,0,0,1
"CA, Xylan rep3",1.0,0.0,0.0,0.0,0.0,0.0,0.010600004345179,0.0,0.0,0.0,0.0,0.0,0.0,0.0,0.0,0.0,6.91905570693357,0,0,0,0,0,1
"CA, Xylan rep3",2.0,0.0,0.0,0.0,0.0,0.0,0.013100001960993,0.0,0.0,0.0,0.0,0.0,0.0,0.0,0.0,0.0,6.86754641728906,0,0,0,0,0,1
"CA, none rep1",0.0,0.0,0.0,0.0,0.0,0.0,0.0006667,0.0,0.0,0.0,0.0,0.0,0.0,0.0,0.0,0.0,6.7,0,0,0,0,0,0
"CA, none rep1",1.0,0.0,0.0,0.0,0.0,0.0,0.003000002354383,0.0,0.0,0.0,0.0,0.0,0.0,0.0,0.0,0.0,6.93858514374392,0,0,0,0,0,0
"CA, none rep1",2.0,0.0,0.0,0.0,0.0,0.0,0.00560000166297,0.0,0.0,0.0,0.0,0.0,0.0,0.0,0.0,0.0,6.90634459507023,0,0,0,0,0,0
"CA, none rep2",0.0,0.0,0.0,0.0,0.0,0.0,0.0006667,0.0,0.0,0.0,0.0,0.0,0.0,0.0,0.0,0.0,6.7,0,0,0,0,0,0
"CA, none rep2",1.0,0.0,0.0,0.0,0.0,0.0,-0.002700001001358,0.0,0.0,0.0,0.0,0.0,0.0,0.0,0.0,0.0,6.93813209880912,0,0,0,0,0,0
"CA, none rep2",2.0,0.0,0.0,0.0,0.0,0.0,0.005199998617172,0.0,0.0,0.0,0.0,0.0,0.0,0.0,0.0,0.0,6.89350489868425,0,0,0,0,0,0
"CA, none rep3",0.0,0.0,0.0,0.0,0.0,0.0,0.0006667,0.0,0.0,0.0,0.0,0.0,0.0,0.0,0.0,0.0,6.7,0,0,0,0,0,0
"CA, none rep3",1.0,0.0,0.0,0.0,0.0,0.0,-0.003700003027916,0.0,0.0,0.0,0.0,0.0,0.0,0.0,0.0,0.0,6.92543665894451,0,0,0,0,0,0
"CA, none rep3",2.0,0.0,0.0,0.0,0.0,0.0,-0.002000004053116,0.0,0.0,0.0,0.0,0.0,0.0,0.0,0.0,0.0,6.89204913063741,0,0,0,0,0,0
"CC, AcGum rep1",0.0,0.0,0.0,0.0,0.0,0.0,0.0,0.0006667,0.0,0.0,0.0,0.0,0.0,0.0,0.0,0.0,6.7,1,0,0,0,0,0
"CC, AcGum rep1",1.0,0.0,0.0,0.0,0.0,0.0,0.0,0.037000000476837,0.0,0.0,0.0,0.0,0.0,0.0,0.0,0.0,6.91425886356893,1,0,0,0,0,0
"CC, AcGum rep1",2.0,0.0,0.0,0.0,0.0,0.0,0.0,0.049800001084805,0.0,0.0,0.0,0.0,0.0,0.0,0.0,0.0,6.89905555365964,1,0,0,0,0,0
"CC, AcGum rep2",0.0,0.0,0.0,0.0,0.0,0.0,0.0,0.0006667,0.0,0.0,0.0,0.0,0.0,0.0,0.0,0.0,6.7,1,0,0,0,0,0
"CC, AcGum rep2",1.0,0.0,0.0,0.0,0.0,0.0,0.0,0.039800003170967,0.0,0.0,0.0,0.0,0.0,0.0,0.0,0.0,6.93540740910973,1,0,0,0,0,0
"CC, AcGum rep2",2.0,0.0,0.0,0.0,0.0,0.0,0.0,0.055200003087521,0.0,0.0,0.0,0.0,0.0,0.0,0.0,0.0,6.89941592634709,1,0,0,0,0,0
"CC, AcGum rep3",0.0,0.0,0.0,0.0,0.0,0.0,0.0,0.0006667,0.0,0.0,0.0,0.0,0.0,0.0,0.0,0.0,6.7,1,0,0,0,0,0
"CC, AcGum rep3",1.0,0.0,0.0,0.0,0.0,0.0,0.0,0.047599993646145,0.0,0.0,0.0,0.0,0.0,0.0,0.0,0.0,6.92068575634374,1,0,0,0,0,0
"CC, AcGum rep3",2.0,0.0,0.0,0.0,0.0,0.0,0.0,0.059799991548061,0.0,0.0,0.0,0.0,0.0,0.0,0.0,0.0,6.97075862581043,1,0,0,0,0,0
"CC, ArGal rep1",0.0,0.0,0.0,0.0,0.0,0.0,0.0,0.0006667,0.0,0.0,0.0,0.0,0.0,0.0,0.0,0.0,6.7,0,1,0,0,0,0
"CC, ArGal rep1",1.0,0.0,0.0,0.0,0.0,0.0,0.0,0.038100004196167,0.0,0.0,0.0,0.0,0.0,0.0,0.0,0.0,6.87867491670697,0,1,0,0,0,0
"CC, ArGal rep1",2.0,0.0,0.0,0.0,0.0,0.0,0.0,0.041600003838539,0.0,0.0,0.0,0.0,0.0,0.0,0.0,0.0,6.89977610138989,0,1,0,0,0,0
"CC, ArGal rep2",0.0,0.0,0.0,0.0,0.0,0.0,0.0,0.0006667,0.0,0.0,0.0,0.0,0.0,0.0,0.0,0.0,6.7,0,1,0,0,0,0
"CC, ArGal rep2",1.0,0.0,0.0,0.0,0.0,0.0,0.0,0.028000000864267,0.0,0.0,0.0,0.0,0.0,0.0,0.0,0.0,6.90539323980915,0,1,0,0,0,0
"CC, ArGal rep2",2.0,0.0,0.0,0.0,0.0,0.0,0.0,0.034799996763468,0.0,0.0,0.0,0.0,0.0,0.0,0.0,0.0,7.00623530317091,0,1,0,0,0,0
"CC, ArGal rep3",0.0,0.0,0.0,0.0,0.0,0.0,0.0,0.0006667,0.0,0.0,0.0,0.0,0.0,0.0,0.0,0.0,6.7,0,1,0,0,0,0
"CC, ArGal rep3",1.0,0.0,0.0,0.0,0.0,0.0,0.0,0.029300004243851,0.0,0.0,0.0,0.0,0.0,0.0,0.0,0.0,6.86400523814694,0,1,0,0,0,0
"CC, ArGal rep3",2.0,0.0,0.0,0.0,0.0,0.0,0.0,0.044399999082089,0.0,0.0,0.0,0.0,0.0,0.0,0.0,0.0,6.89941592634709,0,1,0,0,0,0
"CC, Inulin rep1",0.0,0.0,0.0,0.0,0.0,0.0,0.0,0.0006667,0.0,0.0,0.0,0.0,0.0,0.0,0.0,0.0,6.7,0,0,1,0,0,0
"CC, Inulin rep1",1.0,0.0,0.0,0.0,0.0,0.0,0.0,0.126499995589256,0.0,0.0,0.0,0.0,0.0,0.0,0.0,0.0,6.88028452744991,0,0,1,0,0,0
"CC, Inulin rep1",2.0,0.0,0.0,0.0,0.0,0.0,0.0,0.524799987673759,0.0,0.0,0.0,0.0,0.0,0.0,0.0,0.0,6.32182905050966,0,0,1,0,0,0
"CC, Inulin rep2",0.0,0.0,0.0,0.0,0.0,0.0,0.0,0.0006667,0.0,0.0,0.0,0.0,0.0,0.0,0.0,0.0,6.7,0,0,1,0,0,0
"CC, Inulin rep2",1.0,0.0,0.0,0.0,0.0,0.0,0.0,0.120799995958805,0.0,0.0,0.0,0.0,0.0,0.0,0.0,0.0,6.89338370835726,0,0,1,0,0,0
"CC, Inulin rep2",2.0,0.0,0.0,0.0,0.0,0.0,0.0,0.441600002348423,0.0,0.0,0.0,0.0,0.0,0.0,0.0,0.0,6.47348588317697,0,0,1,0,0,0
"CC, Inulin rep3",0.0,0.0,0.0,0.0,0.0,0.0,0.0,0.0006667,0.0,0.0,0.0,0.0,0.0,0.0,0.0,0.0,6.7,0,0,1,0,0,0
"CC, Inulin rep3",1.0,0.0,0.0,0.0,0.0,0.0,0.0,0.115199998021126,0.0,0.0,0.0,0.0,0.0,0.0,0.0,0.0,6.88863967247214,0,0,1,0,0,0
"CC, Inulin rep3",2.0,0.0,0.0,0.0,0.0,0.0,0.0,0.1283999979496,0.0,0.0,0.0,0.0,0.0,0.0,0.0,0.0,6.84925249827856,0,0,1,0,0,0
"CC, Starch rep1",0.0,0.0,0.0,0.0,0.0,0.0,0.0,0.0006667,0.0,0.0,0.0,0.0,0.0,0.0,0.0,0.0,6.7,0,0,0,0,1,0
"CC, Starch rep1",1.0,0.0,0.0,0.0,0.0,0.0,0.0,-0.00110000371933,0.0,0.0,0.0,0.0,0.0,0.0,0.0,0.0,6.91367150348198,0,0,0,0,1,0
"CC, Starch rep1",2.0,0.0,0.0,0.0,0.0,0.0,0.0,0.007499992847443,0.0,0.0,0.0,0.0,0.0,0.0,0.0,0.0,6.90049585958729,0,0,0,0,1,0
"CC, Starch rep2",0.0,0.0,0.0,0.0,0.0,0.0,0.0,0.0006667,0.0,0.0,0.0,0.0,0.0,0.0,0.0,0.0,6.7,0,0,0,0,1,0
"CC, Starch rep2",1.0,0.0,0.0,0.0,0.0,0.0,0.0,0.006099998950959,0.0,0.0,0.0,0.0,0.0,0.0,0.0,0.0,6.93438279845289,0,0,0,0,1,0
"CC, Starch rep2",2.0,0.0,0.0,0.0,0.0,0.0,0.0,0.013899996876717,0.0,0.0,0.0,0.0,0.0,0.0,0.0,0.0,6.9082431999457,0,0,0,0,1,0
"CC, Starch rep3",0.0,0.0,0.0,0.0,0.0,0.0,0.0,0.0006667,0.0,0.0,0.0,0.0,0.0,0.0,0.0,0.0,6.7,0,0,0,0,1,0
"CC, Starch rep3",1.0,0.0,0.0,0.0,0.0,0.0,0.0,-0.004699990153313,0.0,0.0,0.0,0.0,0.0,0.0,0.0,0.0,6.92520569080942,0,0,0,0,1,0
"CC, Starch rep3",2.0,0.0,0.0,0.0,0.0,0.0,0.0,0.004600003361702,0.0,0.0,0.0,0.0,0.0,0.0,0.0,0.0,6.89083350930915,0,0,0,0,1,0
"CC, Xylan rep1",0.0,0.0,0.0,0.0,0.0,0.0,0.0,0.0006667,0.0,0.0,0.0,0.0,0.0,0.0,0.0,0.0,6.7,0,0,0,0,0,1
"CC, Xylan rep1",1.0,0.0,0.0,0.0,0.0,0.0,0.0,0.021600000560284,0.0,0.0,0.0,0.0,0.0,0.0,0.0,0.0,6.89713021715261,0,0,0,0,0,1
"CC, Xylan rep1",2.0,0.0,0.0,0.0,0.0,0.0,0.0,0.027300000190735,0.0,0.0,0.0,0.0,0.0,0.0,0.0,0.0,6.85776081120681,0,0,0,0,0,1
"CC, Xylan rep2",0.0,0.0,0.0,0.0,0.0,0.0,0.0,0.0006667,0.0,0.0,0.0,0.0,0.0,0.0,0.0,0.0,6.7,0,0,0,0,0,1
"CC, Xylan rep2",1.0,0.0,0.0,0.0,0.0,0.0,0.0,0.023599997162819,0.0,0.0,0.0,0.0,0.0,0.0,0.0,0.0,6.91237747576274,0,0,0,0,0,1
"CC, Xylan rep2",2.0,0.0,0.0,0.0,0.0,0.0,0.0,0.018699996173382,0.0,0.0,0.0,0.0,0.0,0.0,0.0,0.0,6.86615756307754,0,0,0,0,0,1
"CC, Xylan rep3",0.0,0.0,0.0,0.0,0.0,0.0,0.0,0.0006667,0.0,0.0,0.0,0.0,0.0,0.0,0.0,0.0,6.7,0,0,0,0,0,1
"CC, Xylan rep3",1.0,0.0,0.0,0.0,0.0,0.0,0.0,0.026300001889467,0.0,0.0,0.0,0.0,0.0,0.0,0.0,0.0,6.88410680344636,0,0,0,0,0,1
"CC, Xylan rep3",2.0,0.0,0.0,0.0,0.0,0.0,0.0,0.033800002187491,0.0,0.0,0.0,0.0,0.0,0.0,0.0,0.0,6.82814100820475,0,0,0,0,0,1
"CC, none rep1",0.0,0.0,0.0,0.0,0.0,0.0,0.0,0.0006667,0.0,0.0,0.0,0.0,0.0,0.0,0.0,0.0,6.7,0,0,0,0,0,0
"CC, none rep1",1.0,0.0,0.0,0.0,0.0,0.0,0.0,0.037500005215406,0.0,0.0,0.0,0.0,0.0,0.0,0.0,0.0,6.962063717842,0,0,0,0,0,0
"CC, none rep1",2.0,0.0,0.0,0.0,0.0,0.0,0.0,0.016700003296137,0.0,0.0,0.0,0.0,0.0,0.0,0.0,0.0,6.91284832381706,0,0,0,0,0,0
"CC, none rep2",0.0,0.0,0.0,0.0,0.0,0.0,0.0,0.0006667,0.0,0.0,0.0,0.0,0.0,0.0,0.0,0.0,6.7,0,0,0,0,0,0
"CC, none rep2",1.0,0.0,0.0,0.0,0.0,0.0,0.0,0.009099997580051,0.0,0.0,0.0,0.0,0.0,0.0,0.0,0.0,6.8938683350457,0,0,0,0,0,0
"CC, none rep2",2.0,0.0,0.0,0.0,0.0,0.0,0.0,0.011900000274181,0.0,0.0,0.0,0.0,0.0,0.0,0.0,0.0,6.89326249557701,0,0,0,0,0,0
"CC, none rep3",0.0,0.0,0.0,0.0,0.0,0.0,0.0,0.0006667,0.0,0.0,0.0,0.0,0.0,0.0,0.0,0.0,6.7,0,0,0,0,0,0
"CC, none rep3",1.0,0.0,0.0,0.0,0.0,0.0,0.0,-0.000699996948242,0.0,0.0,0.0,0.0,0.0,0.0,0.0,0.0,6.93164283757975,0,0,0,0,0,0
"CC, none rep3",2.0,0.0,0.0,0.0,0.0,0.0,0.0,0.000199995934963,0.0,0.0,0.0,0.0,0.0,0.0,0.0,0.0,6.89869498306546,0,0,0,0,0,0
"CH, AcGum rep1",0.0,0.0,0.0,0.0,0.0,0.0,0.0,0.0,0.0006667,0.0,0.0,0.0,0.0,0.0,0.0,0.0,6.7,1,0,0,0,0,0
"CH, AcGum rep1",1.0,0.0,0.0,0.0,0.0,0.0,0.0,0.0,0.017499998211861,0.0,0.0,0.0,0.0,0.0,0.0,0.0,6.88373788662006,1,0,0,0,0,0
"CH, AcGum rep1",2.0,0.0,0.0,0.0,0.0,0.0,0.0,0.0,0.016599997878075,0.0,0.0,0.0,0.0,0.0,0.0,0.0,6.88164339444819,1,0,0,0,0,0
"CH, AcGum rep2",0.0,0.0,0.0,0.0,0.0,0.0,0.0,0.0,0.0006667,0.0,0.0,0.0,0.0,0.0,0.0,0.0,6.7,1,0,0,0,0,0
"CH, AcGum rep2",1.0,0.0,0.0,0.0,0.0,0.0,0.0,0.0,0.019200004637241,0.0,0.0,0.0,0.0,0.0,0.0,0.0,6.88631592315917,1,0,0,0,0,0
"CH, AcGum rep2",2.0,0.0,0.0,0.0,0.0,0.0,0.0,0.0,0.014000006020069,0.0,0.0,0.0,0.0,0.0,0.0,0.0,6.9018133726091,1,0,0,0,0,0
"CH, AcGum rep3",0.0,0.0,0.0,0.0,0.0,0.0,0.0,0.0,0.0006667,0.0,0.0,0.0,0.0,0.0,0.0,0.0,6.7,1,0,0,0,0,0
"CH, AcGum rep3",1.0,0.0,0.0,0.0,0.0,0.0,0.0,0.0,0.011099994182587,0.0,0.0,0.0,0.0,0.0,0.0,0.0,6.88324567175512,1,0,0,0,0,0
"CH, AcGum rep3",2.0,0.0,0.0,0.0,0.0,0.0,0.0,0.0,0.010599993169308,0.0,0.0,0.0,0.0,0.0,0.0,0.0,6.88508956013934,1,0,0,0,0,0
"CH, ArGal rep1",0.0,0.0,0.0,0.0,0.0,0.0,0.0,0.0,0.0006667,0.0,0.0,0.0,0.0,0.0,0.0,0.0,6.7,0,1,0,0,0,0
"CH, ArGal rep1",1.0,0.0,0.0,0.0,0.0,0.0,0.0,0.0,0.010400004684925,0.0,0.0,0.0,0.0,0.0,0.0,0.0,6.90848014210247,0,1,0,0,0,0
"CH, ArGal rep1",2.0,0.0,0.0,0.0,0.0,0.0,0.0,0.0,0.004799999296665,0.0,0.0,0.0,0.0,0.0,0.0,0.0,6.89302000261661,0,1,0,0,0,0
"CH, ArGal rep2",0.0,0.0,0.0,0.0,0.0,0.0,0.0,0.0,0.0006667,0.0,0.0,0.0,0.0,0.0,0.0,0.0,6.7,0,1,0,0,0,0
"CH, ArGal rep2",1.0,0.0,0.0,0.0,0.0,0.0,0.0,0.0,0.007900003343821,0.0,0.0,0.0,0.0,0.0,0.0,0.0,6.90372505676312,0,1,0,0,0,0
"CH, ArGal rep2",2.0,0.0,0.0,0.0,0.0,0.0,0.0,0.0,0.009500000625849,0.0,0.0,0.0,0.0,0.0,0.0,0.0,6.89010304923829,0,1,0,0,0,0
"CH, ArGal rep3",0.0,0.0,0.0,0.0,0.0,0.0,0.0,0.0,0.0006667,0.0,0.0,0.0,0.0,0.0,0.0,0.0,6.7,0,1,0,0,0,0
"CH, ArGal rep3",1.0,0.0,0.0,0.0,0.0,0.0,0.0,0.0,0.017200000584126,0.0,0.0,0.0,0.0,0.0,0.0,0.0,6.89034662672427,0,1,0,0,0,0
"CH, ArGal rep3",2.0,0.0,0.0,0.0,0.0,0.0,0.0,0.0,0.007200002670288,0.0,0.0,0.0,0.0,0.0,0.0,0.0,6.90133458238561,0,1,0,0,0,0
"CH, Inulin rep1",0.0,0.0,0.0,0.0,0.0,0.0,0.0,0.0,0.0006667,0.0,0.0,0.0,0.0,0.0,0.0,0.0,6.7,0,0,1,0,0,0
"CH, Inulin rep1",1.0,0.0,0.0,0.0,0.0,0.0,0.0,0.0,0.099700003862381,0.0,0.0,0.0,0.0,0.0,0.0,0.0,6.86527218376389,0,0,1,0,0,0
"CH, Inulin rep1",2.0,0.0,0.0,0.0,0.0,0.0,0.0,0.0,0.104399994015694,0.0,0.0,0.0,0.0,0.0,0.0,0.0,6.83918035874907,0,0,1,0,0,0
"CH, Inulin rep2",0.0,0.0,0.0,0.0,0.0,0.0,0.0,0.0,0.0006667,0.0,0.0,0.0,0.0,0.0,0.0,0.0,6.7,0,0,1,0,0,0
"CH, Inulin rep2",1.0,0.0,0.0,0.0,0.0,0.0,0.0,0.0,0.083800010383129,0.0,0.0,0.0,0.0,0.0,0.0,0.0,6.80823935283947,0,0,1,0,0,0
"CH, Inulin rep2",2.0,0.0,0.0,0.0,0.0,0.0,0.0,0.0,0.006100006401539,0.0,0.0,0.0,0.0,0.0,0.0,0.0,6.88250665001999,0,0,1,0,0,0
"CH, Inulin rep3",0.0,0.0,0.0,0.0,0.0,0.0,0.0,0.0,0.0006667,0.0,0.0,0.0,0.0,0.0,0.0,0.0,6.7,0,0,1,0,0,0
"CH, Inulin rep3",1.0,0.0,0.0,0.0,0.0,0.0,0.0,0.0,0.097599998116493,0.0,0.0,0.0,0.0,0.0,0.0,0.0,6.85506588879091,0,0,1,0,0,0
"CH, Inulin rep3",2.0,0.0,0.0,0.0,0.0,0.0,0.0,0.0,0.011299997568131,0.0,0.0,0.0,0.0,0.0,0.0,0.0,6.89156315343801,0,0,1,0,0,0
"CH, Starch rep1",0.0,0.0,0.0,0.0,0.0,0.0,0.0,0.0,0.0006667,0.0,0.0,0.0,0.0,0.0,0.0,0.0,6.7,0,0,0,0,1,0
"CH, Starch rep1",1.0,0.0,0.0,0.0,0.0,0.0,0.0,0.0,0.007699996232986,0.0,0.0,0.0,0.0,0.0,0.0,0.0,6.90895377159595,0,0,0,0,1,0
"CH, Starch rep1",2.0,0.0,0.0,0.0,0.0,0.0,0.0,0.0,0.005500003695488,0.0,0.0,0.0,0.0,0.0,0.0,0.0,6.887906751356,0,0,0,0,1,0
"CH, Starch rep2",0.0,0.0,0.0,0.0,0.0,0.0,0.0,0.0,0.0006667,0.0,0.0,0.0,0.0,0.0,0.0,0.0,6.7,0,0,0,0,1,0
"CH, Starch rep2",1.0,0.0,0.0,0.0,0.0,0.0,0.0,0.0,0.00390000641346,0.0,0.0,0.0,0.0,0.0,0.0,0.0,6.91108091436371,0,0,0,0,1,0
"CH, Starch rep2",2.0,0.0,0.0,0.0,0.0,0.0,0.0,0.0,0.007600009441376,0.0,0.0,0.0,0.0,0.0,0.0,0.0,6.91214192613506,0,0,0,0,1,0
"CH, Starch rep3",0.0,0.0,0.0,0.0,0.0,0.0,0.0,0.0,0.0006667,0.0,0.0,0.0,0.0,0.0,0.0,0.0,6.7,0,0,0,0,1,0
"CH, Starch rep3",1.0,0.0,0.0,0.0,0.0,0.0,0.0,0.0,0.023699998855591,0.0,0.0,0.0,0.0,0.0,0.0,0.0,6.90372505676312,0,0,0,0,1,0
"CH, Starch rep3",2.0,0.0,0.0,0.0,0.0,0.0,0.0,0.0,-0.000900000333786,0.0,0.0,0.0,0.0,0.0,0.0,0.0,6.88386088214671,0,0,0,0,1,0
"CH, Xylan rep1",0.0,0.0,0.0,0.0,0.0,0.0,0.0,0.0,0.0006667,0.0,0.0,0.0,0.0,0.0,0.0,0.0,6.7,0,0,0,0,0,1
"CH, Xylan rep1",1.0,0.0,0.0,0.0,0.0,0.0,0.0,0.0,0.015399999916554,0.0,0.0,0.0,0.0,0.0,0.0,0.0,6.8701895805964,0,0,0,0,0,1
"CH, Xylan rep1",2.0,0.0,0.0,0.0,0.0,0.0,0.0,0.0,0.001900002360344,0.0,0.0,0.0,0.0,0.0,0.0,0.0,6.88164339444819,0,0,0,0,0,1
"CH, Xylan rep2",0.0,0.0,0.0,0.0,0.0,0.0,0.0,0.0,0.0006667,0.0,0.0,0.0,0.0,0.0,0.0,0.0,6.7,0,0,0,0,0,1
"CH, Xylan rep2",1.0,0.0,0.0,0.0,0.0,0.0,0.0,0.0,0.010099999606609,0.0,0.0,0.0,0.0,0.0,0.0,0.0,6.87269684961919,0,0,0,0,0,1
"CH, Xylan rep2",2.0,0.0,0.0,0.0,0.0,0.0,0.0,0.0,-0.0016999989748,0.0,0.0,0.0,0.0,0.0,0.0,0.0,6.85737651633286,0,0,0,0,0,1
"CH, Xylan rep3",0.0,0.0,0.0,0.0,0.0,0.0,0.0,0.0,0.0006667,0.0,0.0,0.0,0.0,0.0,0.0,0.0,6.7,0,0,0,0,0,1
"CH, Xylan rep3",1.0,0.0,0.0,0.0,0.0,0.0,0.0,0.0,0.019899997860193,0.0,0.0,0.0,0.0,0.0,0.0,0.0,6.86362466704285,0,0,0,0,0,1
"CH, Xylan rep3",2.0,0.0,0.0,0.0,0.0,0.0,0.0,0.0,0.006699997931719,0.0,0.0,0.0,0.0,0.0,0.0,0.0,6.87519442557624,0,0,0,0,0,1
"CH, none rep1",0.0,0.0,0.0,0.0,0.0,0.0,0.0,0.0,0.0006667,0.0,0.0,0.0,0.0,0.0,0.0,0.0,6.7,0,0,0,0,0,0
"CH, none rep1",1.0,0.0,0.0,0.0,0.0,0.0,0.0,0.0,0.001800000667572,0.0,0.0,0.0,0.0,0.0,0.0,0.0,6.9301540065765,0,0,0,0,0,0
"CH, none rep1",2.0,0.0,0.0,0.0,0.0,0.0,0.0,0.0,0.00730000063777,0.0,0.0,0.0,0.0,0.0,0.0,0.0,6.89326249557701,0,0,0,0,0,0
"CH, none rep2",0.0,0.0,0.0,0.0,0.0,0.0,0.0,0.0,0.0006667,0.0,0.0,0.0,0.0,0.0,0.0,0.0,6.7,0,0,0,0,0,0
"CH, none rep2",1.0,0.0,0.0,0.0,0.0,0.0,0.0,0.0,-0.003800000995398,0.0,0.0,0.0,0.0,0.0,0.0,0.0,6.92184763863031,0,0,0,0,0,0
"CH, none rep2",2.0,0.0,0.0,0.0,0.0,0.0,0.0,0.0,0.0050999969244,0.0,0.0,0.0,0.0,0.0,0.0,0.0,6.89314126033346,0,0,0,0,0,0
"CH, none rep3",0.0,0.0,0.0,0.0,0.0,0.0,0.0,0.0,0.0006667,0.0,0.0,0.0,0.0,0.0,0.0,0.0,6.7,0,0,0,0,0,0
"CH, none rep3",1.0,0.0,0.0,0.0,0.0,0.0,0.0,0.0,-0.002400003373623,0.0,0.0,0.0,0.0,0.0,0.0,0.0,6.89229198381373,0,0,0,0,0,0
"CH, none rep3",2.0,0.0,0.0,0.0,0.0,0.0,0.0,0.0,-0.006599999964237,0.0,0.0,0.0,0.0,0.0,0.0,0.0,6.89664799875665,0,0,0,0,0,0
"DF, AcGum rep1",0.0,0.0,0.0,0.0,0.0,0.0,0.0,0.0,0.0,0.0006667,0.0,0.0,0.0,0.0,0.0,0.0,6.7,1,0,0,0,0,0
"DF, AcGum rep1",1.0,0.0,0.0,0.0,0.0,0.0,0.0,0.0,0.0,0.024999998509884,0.0,0.0,0.0,0.0,0.0,0.0,6.9087169992946,1,0,0,0,0,0
"DF, AcGum rep1",2.0,0.0,0.0,0.0,0.0,0.0,0.0,0.0,0.0,0.020700000226498,0.0,0.0,0.0,0.0,0.0,0.0,6.90942706182128,1,0,0,0,0,0
"DF, AcGum rep2",0.0,0.0,0.0,0.0,0.0,0.0,0.0,0.0,0.0,0.0006667,0.0,0.0,0.0,0.0,0.0,0.0,6.7,1,0,0,0,0,0
"DF, AcGum rep2",1.0,0.0,0.0,0.0,0.0,0.0,0.0,0.0,0.0,0.023200005292892,0.0,0.0,0.0,0.0,0.0,0.0,6.87457093542678,1,0,0,0,0,0
"DF, AcGum rep2",2.0,0.0,0.0,0.0,0.0,0.0,0.0,0.0,0.0,0.009500004351139,0.0,0.0,0.0,0.0,0.0,0.0,6.85596545801642,1,0,0,0,0,0
"DF, AcGum rep3",0.0,0.0,0.0,0.0,0.0,0.0,0.0,0.0,0.0,0.0006667,0.0,0.0,0.0,0.0,0.0,0.0,6.7,1,0,0,0,0,0
"DF, AcGum rep3",1.0,0.0,0.0,0.0,0.0,0.0,0.0,0.0,0.0,0.008399993181229,0.0,0.0,0.0,0.0,0.0,0.0,6.86981264865896,1,0,0,0,0,0
"DF, AcGum rep3",2.0,0.0,0.0,0.0,0.0,0.0,0.0,0.0,0.0,0.008899994194508,0.0,0.0,0.0,0.0,0.0,0.0,6.86981264865896,1,0,0,0,0,0
"DF, ArGal rep1",0.0,0.0,0.0,0.0,0.0,0.0,0.0,0.0,0.0,0.0006667,0.0,0.0,0.0,0.0,0.0,0.0,6.7,0,1,0,0,0,0
"DF, ArGal rep1",1.0,0.0,0.0,0.0,0.0,0.0,0.0,0.0,0.0,0.012600004673004,0.0,0.0,0.0,0.0,0.0,0.0,6.92033679598527,0,1,0,0,0,0
"DF, ArGal rep1",2.0,0.0,0.0,0.0,0.0,0.0,0.0,0.0,0.0,0.005900003015995,0.0,0.0,0.0,0.0,0.0,0.0,6.8961654253973,0,1,0,0,0,0
"DF, ArGal rep2",0.0,0.0,0.0,0.0,0.0,0.0,0.0,0.0,0.0,0.0006667,0.0,0.0,0.0,0.0,0.0,0.0,6.7,0,1,0,0,0,0
"DF, ArGal rep2",1.0,0.0,0.0,0.0,0.0,0.0,0.0,0.0,0.0,0.003299999982119,0.0,0.0,0.0,0.0,0.0,0.0,6.91284832381706,0,1,0,0,0,0
"DF, ArGal rep2",2.0,0.0,0.0,0.0,0.0,0.0,0.0,0.0,0.0,0.015399996191263,0.0,0.0,0.0,0.0,0.0,0.0,6.90276990881262,0,1,0,0,0,0
"DF, ArGal rep3",0.0,0.0,0.0,0.0,0.0,0.0,0.0,0.0,0.0,0.0006667,0.0,0.0,0.0,0.0,0.0,0.0,6.7,0,1,0,0,0,0
"DF, ArGal rep3",1.0,0.0,0.0,0.0,0.0,0.0,0.0,0.0,0.0,0.023199997842312,0.0,0.0,0.0,0.0,0.0,0.0,6.94444721226995,0,1,0,0,0,0
"DF, ArGal rep3",2.0,0.0,0.0,0.0,0.0,0.0,0.0,0.0,0.0,0.000600002706051,0.0,0.0,0.0,0.0,0.0,0.0,6.90479794486672,0,1,0,0,0,0
"DF, Inulin rep1",0.0,0.0,0.0,0.0,0.0,0.0,0.0,0.0,0.0,0.0006667,0.0,0.0,0.0,0.0,0.0,0.0,6.7,0,0,1,0,0,0
"DF, Inulin rep1",1.0,0.0,0.0,0.0,0.0,0.0,0.0,0.0,0.0,0.016400001943111,0.0,0.0,0.0,0.0,0.0,0.0,6.94735929800969,0,0,1,0,0,0
"DF, Inulin rep1",2.0,0.0,0.0,0.0,0.0,0.0,0.0,0.0,0.0,0.000399999320507,0.0,0.0,0.0,0.0,0.0,0.0,6.89459460288,0,0,1,0,0,0
"DF, Inulin rep2",0.0,0.0,0.0,0.0,0.0,0.0,0.0,0.0,0.0,0.0006667,0.0,0.0,0.0,0.0,0.0,0.0,6.7,0,0,1,0,0,0
"DF, Inulin rep2",1.0,0.0,0.0,0.0,0.0,0.0,0.0,0.0,0.0,0.001800000667572,0.0,0.0,0.0,0.0,0.0,0.0,6.91870589041008,0,0,1,0,0,0
"DF, Inulin rep2",2.0,0.0,0.0,0.0,0.0,0.0,0.0,0.0,0.0,0.00620000064373,0.0,0.0,0.0,0.0,0.0,0.0,6.91858924399591,0,0,1,0,0,0
"DF, Inulin rep3",0.0,0.0,0.0,0.0,0.0,0.0,0.0,0.0,0.0,0.0006667,0.0,0.0,0.0,0.0,0.0,0.0,6.7,0,0,1,0,0,0
"DF, Inulin rep3",1.0,0.0,0.0,0.0,0.0,0.0,0.0,0.0,0.0,0.036799997091293,0.0,0.0,0.0,0.0,0.0,0.0,6.93926414061091,0,0,1,0,0,0
"DF, Inulin rep3",2.0,0.0,0.0,0.0,0.0,0.0,0.0,0.0,0.0,0.019499994814396,0.0,0.0,0.0,0.0,0.0,0.0,6.88040817841575,0,0,1,0,0,0
"DF, Starch rep1",0.0,0.0,0.0,0.0,0.0,0.0,0.0,0.0,0.0,0.0006667,0.0,0.0,0.0,0.0,0.0,0.0,6.7,0,0,0,0,1,0
"DF, Starch rep1",1.0,0.0,0.0,0.0,0.0,0.0,0.0,0.0,0.0,-0.010499998927116,0.0,0.0,0.0,0.0,0.0,0.0,6.91800570473355,0,0,0,0,1,0
"DF, Starch rep1",2.0,0.0,0.0,0.0,0.0,0.0,0.0,0.0,0.0,0.003299996256828,0.0,0.0,0.0,0.0,0.0,0.0,6.8896156214718,0,0,0,0,1,0
"DF, Starch rep2",0.0,0.0,0.0,0.0,0.0,0.0,0.0,0.0,0.0,0.0006667,0.0,0.0,0.0,0.0,0.0,0.0,6.7,0,0,0,0,1,0
"DF, Starch rep2",1.0,0.0,0.0,0.0,0.0,0.0,0.0,0.0,0.0,-0.014399997889995,0.0,0.0,0.0,0.0,0.0,0.0,6.90575015889922,0,0,0,0,1,0
"DF, Starch rep2",2.0,0.0,0.0,0.0,0.0,0.0,0.0,0.0,0.0,0.001300007104874,0.0,0.0,0.0,0.0,0.0,0.0,6.86993831711484,0,0,0,0,1,0
"DF, Starch rep3",0.0,0.0,0.0,0.0,0.0,0.0,0.0,0.0,0.0,0.0006667,0.0,0.0,0.0,0.0,0.0,0.0,6.7,0,0,0,0,1,0
"DF, Starch rep3",1.0,0.0,0.0,0.0,0.0,0.0,0.0,0.0,0.0,-0.021299995481968,0.0,0.0,0.0,0.0,0.0,0.0,6.92635973373569,0,0,0,0,1,0
"DF, Starch rep3",2.0,0.0,0.0,0.0,0.0,0.0,0.0,0.0,0.0,-0.001599997282029,0.0,0.0,0.0,0.0,0.0,0.0,6.88594825670303,0,0,0,0,1,0
"DF, Xylan rep1",0.0,0.0,0.0,0.0,0.0,0.0,0.0,0.0,0.0,0.0006667,0.0,0.0,0.0,0.0,0.0,0.0,6.7,0,0,0,0,0,1
"DF, Xylan rep1",1.0,0.0,0.0,0.0,0.0,0.0,0.0,0.0,0.0,0.009999997913837,0.0,0.0,0.0,0.0,0.0,0.0,6.89483651322435,0,0,0,0,0,1
"DF, Xylan rep1",2.0,0.0,0.0,0.0,0.0,0.0,0.0,0.0,0.0,0.001999996602535,0.0,0.0,0.0,0.0,0.0,0.0,6.88484401007384,0,0,0,0,0,1
"DF, Xylan rep2",0.0,0.0,0.0,0.0,0.0,0.0,0.0,0.0,0.0,0.0006667,0.0,0.0,0.0,0.0,0.0,0.0,6.7,0,0,0,0,0,1
"DF, Xylan rep2",1.0,0.0,0.0,0.0,0.0,0.0,0.0,0.0,0.0,0.017499998211861,0.0,0.0,0.0,0.0,0.0,0.0,6.92358667259147,0,0,0,0,0,1
"DF, Xylan rep2",2.0,0.0,0.0,0.0,0.0,0.0,0.0,0.0,0.0,-0.001900002360344,0.0,0.0,0.0,0.0,0.0,0.0,6.90717590681768,0,0,0,0,0,1
"DF, Xylan rep3",0.0,0.0,0.0,0.0,0.0,0.0,0.0,0.0,0.0,0.0006667,0.0,0.0,0.0,0.0,0.0,0.0,6.7,0,0,0,0,0,1
"DF, Xylan rep3",1.0,0.0,0.0,0.0,0.0,0.0,0.0,0.0,0.0,0.006699997931719,0.0,0.0,0.0,0.0,0.0,0.0,6.9085985813145,0,0,0,0,0,1
"DF, Xylan rep3",2.0,0.0,0.0,0.0,0.0,0.0,0.0,0.0,0.0,0.008800003677607,0.0,0.0,0.0,0.0,0.0,0.0,6.85171350215384,0,0,0,0,0,1
"DF, none rep1",0.0,0.0,0.0,0.0,0.0,0.0,0.0,0.0,0.0,0.0006667,0.0,0.0,0.0,0.0,0.0,0.0,6.7,0,0,0,0,0,0
"DF, none rep1",1.0,0.0,0.0,0.0,0.0,0.0,0.0,0.0,0.0,0.003400001674891,0.0,0.0,0.0,0.0,0.0,0.0,6.91425886356893,0,0,0,0,0,0
"DF, none rep1",2.0,0.0,0.0,0.0,0.0,0.0,0.0,0.0,0.0,0.006900001317263,0.0,0.0,0.0,0.0,0.0,0.0,6.89905555365964,0,0,0,0,0,0
"DF, none rep2",0.0,0.0,0.0,0.0,0.0,0.0,0.0,0.0,0.0,0.0006667,0.0,0.0,0.0,0.0,0.0,0.0,6.7,0,0,0,0,0,0
"DF, none rep2",1.0,0.0,0.0,0.0,0.0,0.0,0.0,0.0,0.0,-0.001800000667572,0.0,0.0,0.0,0.0,0.0,0.0,6.93540740910973,0,0,0,0,0,0
"DF, none rep2",2.0,0.0,0.0,0.0,0.0,0.0,0.0,0.0,0.0,0.005000002682209,0.0,0.0,0.0,0.0,0.0,0.0,6.89941592634709,0,0,0,0,0,0
"DF, none rep3",0.0,0.0,0.0,0.0,0.0,0.0,0.0,0.0,0.0,0.0006667,0.0,0.0,0.0,0.0,0.0,0.0,6.7,0,0,0,0,0,0
"DF, none rep3",1.0,0.0,0.0,0.0,0.0,0.0,0.0,0.0,0.0,-0.007799997925758,0.0,0.0,0.0,0.0,0.0,0.0,6.92068575634374,0,0,0,0,0,0
"DF, none rep3",2.0,0.0,0.0,0.0,0.0,0.0,0.0,0.0,0.0,-0.009899999946356,0.0,0.0,0.0,0.0,0.0,0.0,6.97075862581043,0,0,0,0,0,0
"EL, AcGum rep1",0.0,0.0,0.0,0.0,0.0,0.0,0.0,0.0,0.0,0.0,0.0006667,0.0,0.0,0.0,0.0,0.0,6.7,1,0,0,0,0,0
"EL, AcGum rep1",1.0,0.0,0.0,0.0,0.0,0.0,0.0,0.0,0.0,0.0,0.002300001680851,0.0,0.0,0.0,0.0,0.0,6.87867491670697,1,0,0,0,0,0
"EL, AcGum rep1",2.0,0.0,0.0,0.0,0.0,0.0,0.0,0.0,0.0,0.0,0.001800000667572,0.0,0.0,0.0,0.0,0.0,6.89977610138989,1,0,0,0,0,0
"EL, AcGum rep2",0.0,0.0,0.0,0.0,0.0,0.0,0.0,0.0,0.0,0.0,0.0006667,0.0,0.0,0.0,0.0,0.0,6.7,1,0,0,0,0,0
"EL, AcGum rep2",1.0,0.0,0.0,0.0,0.0,0.0,0.0,0.0,0.0,0.0,0.006700001657009,0.0,0.0,0.0,0.0,0.0,6.90539323980915,1,0,0,0,0,0
"EL, AcGum rep2",2.0,0.0,0.0,0.0,0.0,0.0,0.0,0.0,0.0,0.0,0.009800001978874,0.0,0.0,0.0,0.0,0.0,7.00623530317091,1,0,0,0,0,0
"EL, AcGum rep3",0.0,0.0,0.0,0.0,0.0,0.0,0.0,0.0,0.0,0.0,0.0006667,0.0,0.0,0.0,0.0,0.0,6.7,1,0,0,0,0,0
"EL, AcGum rep3",1.0,0.0,0.0,0.0,0.0,0.0,0.0,0.0,0.0,0.0,0.006599999964237,0.0,0.0,0.0,0.0,0.0,6.86400523814694,1,0,0,0,0,0
"EL, AcGum rep3",2.0,0.0,0.0,0.0,0.0,0.0,0.0,0.0,0.0,0.0,0.004399999976158,0.0,0.0,0.0,0.0,0.0,6.89941592634709,1,0,0,0,0,0
"EL, ArGal rep1",0.0,0.0,0.0,0.0,0.0,0.0,0.0,0.0,0.0,0.0,0.0006667,0.0,0.0,0.0,0.0,0.0,6.7,0,1,0,0,0,0
"EL, ArGal rep1",1.0,0.0,0.0,0.0,0.0,0.0,0.0,0.0,0.0,0.0,0.018300004303455,0.0,0.0,0.0,0.0,0.0,6.99349432544276,0,1,0,0,0,0
"EL, ArGal rep1",2.0,0.0,0.0,0.0,0.0,0.0,0.0,0.0,0.0,0.0,0.003300003707409,0.0,0.0,0.0,0.0,0.0,6.92923615604937,0,1,0,0,0,0
"EL, ArGal rep2",0.0,0.0,0.0,0.0,0.0,0.0,0.0,0.0,0.0,0.0,0.0006667,0.0,0.0,0.0,0.0,0.0,6.7,0,1,0,0,0,0
"EL, ArGal rep2",1.0,0.0,0.0,0.0,0.0,0.0,0.0,0.0,0.0,0.0,0.004300002008677,0.0,0.0,0.0,0.0,0.0,7.00930832311652,0,1,0,0,0,0
"EL, ArGal rep2",2.0,0.0,0.0,0.0,0.0,0.0,0.0,0.0,0.0,0.0,0.006500001996756,0.0,0.0,0.0,0.0,0.0,6.93994245434401,0,1,0,0,0,0
"EL, ArGal rep3",0.0,0.0,0.0,0.0,0.0,0.0,0.0,0.0,0.0,0.0,0.0006667,0.0,0.0,0.0,0.0,0.0,6.7,0,1,0,0,0,0
"EL, ArGal rep3",1.0,0.0,0.0,0.0,0.0,0.0,0.0,0.0,0.0,0.0,0.037399999797344,0.0,0.0,0.0,0.0,0.0,7.00356119632492,0,1,0,0,0,0
"EL, ArGal rep3",2.0,0.0,0.0,0.0,0.0,0.0,0.0,0.0,0.0,0.0,0.004399999976158,0.0,0.0,0.0,0.0,0.0,6.93960338276334,0,1,0,0,0,0
"EL, Inulin rep1",0.0,0.0,0.0,0.0,0.0,0.0,0.0,0.0,0.0,0.0,0.0006667,0.0,0.0,0.0,0.0,0.0,6.7,0,0,1,0,0,0
"EL, Inulin rep1",1.0,0.0,0.0,0.0,0.0,0.0,0.0,0.0,0.0,0.0,-0.000100001692772,0.0,0.0,0.0,0.0,0.0,6.98561046027058,0,0,1,0,0,0
"EL, Inulin rep1",2.0,0.0,0.0,0.0,0.0,0.0,0.0,0.0,0.0,0.0,-0.002999998629093,0.0,0.0,0.0,0.0,0.0,6.93620325046821,0,0,1,0,0,0
"EL, Inulin rep2",0.0,0.0,0.0,0.0,0.0,0.0,0.0,0.0,0.0,0.0,0.0006667,0.0,0.0,0.0,0.0,0.0,6.7,0,0,1,0,0,0
"EL, Inulin rep2",1.0,0.0,0.0,0.0,0.0,0.0,0.0,0.0,0.0,0.0,0.018200002610683,0.0,0.0,0.0,0.0,0.0,7.08356575640577,0,0,1,0,0,0
"EL, Inulin rep2",2.0,0.0,0.0,0.0,0.0,0.0,0.0,0.0,0.0,0.0,-5.55111512312578e-17,0.0,0.0,0.0,0.0,0.0,6.95092632058713,0,0,1,0,0,0
"EL, Inulin rep3",0.0,0.0,0.0,0.0,0.0,0.0,0.0,0.0,0.0,0.0,0.0006667,0.0,0.0,0.0,0.0,0.0,6.7,0,0,1,0,0,0
"EL, Inulin rep3",1.0,0.0,0.0,0.0,0.0,0.0,0.0,0.0,0.0,0.0,0.014299996197224,0.0,0.0,0.0,0.0,0.0,6.95657287206319,0,0,1,0,0,0
"EL, Inulin rep3",2.0,0.0,0.0,0.0,0.0,0.0,0.0,0.0,0.0,0.0,-0.002599999308586,0.0,0.0,0.0,0.0,0.0,6.9076504723479,0,0,1,0,0,0
"EL, Starch rep1",0.0,0.0,0.0,0.0,0.0,0.0,0.0,0.0,0.0,0.0,0.0006667,0.0,0.0,0.0,0.0,0.0,6.7,0,0,0,0,1,0
"EL, Starch rep1",1.0,0.0,0.0,0.0,0.0,0.0,0.0,0.0,0.0,0.0,0.224900007247925,0.0,0.0,0.0,0.0,0.0,7.33049712755887,0,0,0,0,1,0
"EL, Starch rep1",2.0,0.0,0.0,0.0,0.0,0.0,0.0,0.0,0.0,0.0,0.182000011205673,0.0,0.0,0.0,0.0,0.0,7.32715289705263,0,0,0,0,1,0
"EL, Starch rep2",0.0,0.0,0.0,0.0,0.0,0.0,0.0,0.0,0.0,0.0,0.0006667,0.0,0.0,0.0,0.0,0.0,6.7,0,0,0,0,1,0
"EL, Starch rep2",1.0,0.0,0.0,0.0,0.0,0.0,0.0,0.0,0.0,0.0,0.233600005507469,0.0,0.0,0.0,0.0,0.0,7.39365525305006,0,0,0,0,1,0
"EL, Starch rep2",2.0,0.0,0.0,0.0,0.0,0.0,0.0,0.0,0.0,0.0,0.184900000691414,0.0,0.0,0.0,0.0,0.0,7.32015079992243,0,0,0,0,1,0
"EL, Starch rep3",0.0,0.0,0.0,0.0,0.0,0.0,0.0,0.0,0.0,0.0,0.0006667,0.0,0.0,0.0,0.0,0.0,6.7,0,0,0,0,1,0
"EL, Starch rep3",1.0,0.0,0.0,0.0,0.0,0.0,0.0,0.0,0.0,0.0,0.185400009155273,0.0,0.0,0.0,0.0,0.0,7.36148109996307,0,0,0,0,1,0
"EL, Starch rep3",2.0,0.0,0.0,0.0,0.0,0.0,0.0,0.0,0.0,0.0,0.17450001835823,0.0,0.0,0.0,0.0,0.0,7.33244297793575,0,0,0,0,1,0
"EL, Xylan rep1",0.0,0.0,0.0,0.0,0.0,0.0,0.0,0.0,0.0,0.0,0.0006667,0.0,0.0,0.0,0.0,0.0,6.7,0,0,0,0,0,1
"EL, Xylan rep1",1.0,0.0,0.0,0.0,0.0,0.0,0.0,0.0,0.0,0.0,0.014600001275539,0.0,0.0,0.0,0.0,0.0,6.95192618010421,0,0,0,0,0,1
"EL, Xylan rep1",2.0,0.0,0.0,0.0,0.0,0.0,0.0,0.0,0.0,0.0,0.004299998283386,0.0,0.0,0.0,0.0,0.0,6.93722509381245,0,0,0,0,0,1
"EL, Xylan rep2",0.0,0.0,0.0,0.0,0.0,0.0,0.0,0.0,0.0,0.0,0.0006667,0.0,0.0,0.0,0.0,0.0,6.7,0,0,0,0,0,1
"EL, Xylan rep2",1.0,0.0,0.0,0.0,0.0,0.0,0.0,0.0,0.0,0.0,-0.000700004398823,0.0,0.0,0.0,0.0,0.0,6.94556872754977,0,0,0,0,0,1
"EL, Xylan rep2",2.0,0.0,0.0,0.0,0.0,0.0,0.0,0.0,0.0,0.0,-0.002599999308586,0.0,0.0,0.0,0.0,0.0,6.88201350158237,0,0,0,0,0,1
"EL, Xylan rep3",0.0,0.0,0.0,0.0,0.0,0.0,0.0,0.0,0.0,0.0,0.0006667,0.0,0.0,0.0,0.0,0.0,6.7,0,0,0,0,0,1
"EL, Xylan rep3",1.0,0.0,0.0,0.0,0.0,0.0,0.0,0.0,0.0,0.0,0.0084000043571,0.0,0.0,0.0,0.0,0.0,6.96250108808302,0,0,0,0,0,1
"EL, Xylan rep3",2.0,0.0,0.0,0.0,0.0,0.0,0.0,0.0,0.0,0.0,0.003200002014637,0.0,0.0,0.0,0.0,0.0,6.88998122641128,0,0,0,0,0,1
"EL, none rep1",0.0,0.0,0.0,0.0,0.0,0.0,0.0,0.0,0.0,0.0,0.0006667,0.0,0.0,0.0,0.0,0.0,6.7,0,0,0,0,0,0
"EL, none rep1",1.0,0.0,0.0,0.0,0.0,0.0,0.0,0.0,0.0,0.0,0.00170000270009,0.0,0.0,0.0,0.0,0.0,6.9855047386948,0,0,0,0,0,0
"EL, none rep1",2.0,0.0,0.0,0.0,0.0,0.0,0.0,0.0,0.0,0.0,-0.000899996608496,0.0,0.0,0.0,0.0,0.0,6.93756536385261,0,0,0,0,0,0
"EL, none rep2",0.0,0.0,0.0,0.0,0.0,0.0,0.0,0.0,0.0,0.0,0.0006667,0.0,0.0,0.0,0.0,0.0,6.7,0,0,0,0,0,0
"EL, none rep2",1.0,0.0,0.0,0.0,0.0,0.0,0.0,0.0,0.0,0.0,0.003799997270107,0.0,0.0,0.0,0.0,0.0,6.98062411240137,0,0,0,0,0,0
"EL, none rep2",2.0,0.0,0.0,0.0,0.0,0.0,0.0,0.0,0.0,0.0,0.0016999989748,0.0,0.0,0.0,0.0,0.0,6.93517985277605,0,0,0,0,0,0
"EL, none rep3",0.0,0.0,0.0,0.0,0.0,0.0,0.0,0.0,0.0,0.0,0.0006667,0.0,0.0,0.0,0.0,0.0,6.7,0,0,0,0,0,0
"EL, none rep3",1.0,0.0,0.0,0.0,0.0,0.0,0.0,0.0,0.0,0.0,-0.005199998617172,0.0,0.0,0.0,0.0,0.0,7.00387026339021,0,0,0,0,0,0
"EL, none rep3",2.0,0.0,0.0,0.0,0.0,0.0,0.0,0.0,0.0,0.0,-0.011599998921156,0.0,0.0,0.0,0.0,0.0,6.90776906044231,0,0,0,0,0,0
"ER, AcGum rep1",0.0,0.0,0.0,0.0,0.0,0.0,0.0,0.0,0.0,0.0,0.0,0.0006667,0.0,0.0,0.0,0.0,6.7,1,0,0,0,0,0
"ER, AcGum rep1",1.0,0.0,0.0,0.0,0.0,0.0,0.0,0.0,0.0,0.0,0.0,0.027000002563,0.0,0.0,0.0,0.0,6.93677113273805,1,0,0,0,0,0
"ER, AcGum rep1",2.0,0.0,0.0,0.0,0.0,0.0,0.0,0.0,0.0,0.0,0.0,0.008799999952316,0.0,0.0,0.0,0.0,6.87780654548486,1,0,0,0,0,0
"ER, AcGum rep2",0.0,0.0,0.0,0.0,0.0,0.0,0.0,0.0,0.0,0.0,0.0,0.0006667,0.0,0.0,0.0,0.0,6.7,1,0,0,0,0,0
"ER, AcGum rep2",1.0,0.0,0.0,0.0,0.0,0.0,0.0,0.0,0.0,0.0,0.0,0.019799999892712,0.0,0.0,0.0,0.0,6.92589835575509,1,0,0,0,0,0
"ER, AcGum rep2",2.0,0.0,0.0,0.0,0.0,0.0,0.0,0.0,0.0,0.0,0.0,0.013700000941753,0.0,0.0,0.0,0.0,6.8754436534884,1,0,0,0,0,0
"ER, AcGum rep3",0.0,0.0,0.0,0.0,0.0,0.0,0.0,0.0,0.0,0.0,0.0,0.0006667,0.0,0.0,0.0,0.0,6.7,1,0,0,0,0,0
"ER, AcGum rep3",1.0,0.0,0.0,0.0,0.0,0.0,0.0,0.0,0.0,0.0,0.0,0.013099998235703,0.0,0.0,0.0,0.0,6.92774196007329,1,0,0,0,0,0
"ER, AcGum rep3",2.0,0.0,0.0,0.0,0.0,0.0,0.0,0.0,0.0,0.0,0.0,0.0050999969244,0.0,0.0,0.0,0.0,6.88680582251494,1,0,0,0,0,0
"ER, ArGal rep1",0.0,0.0,0.0,0.0,0.0,0.0,0.0,0.0,0.0,0.0,0.0,0.0006667,0.0,0.0,0.0,0.0,6.7,0,1,0,0,0,0
"ER, ArGal rep1",1.0,0.0,0.0,0.0,0.0,0.0,0.0,0.0,0.0,0.0,0.0,0.008400000631809,0.0,0.0,0.0,0.0,6.95292457201356,0,1,0,0,0,0
"ER, ArGal rep1",2.0,0.0,0.0,0.0,0.0,0.0,0.0,0.0,0.0,0.0,0.0,0.005699999630451,0.0,0.0,0.0,0.0,6.89507833423449,0,1,0,0,0,0
"ER, ArGal rep2",0.0,0.0,0.0,0.0,0.0,0.0,0.0,0.0,0.0,0.0,0.0,0.0006667,0.0,0.0,0.0,0.0,6.7,0,1,0,0,0,0
"ER, ArGal rep2",1.0,0.0,0.0,0.0,0.0,0.0,0.0,0.0,0.0,0.0,0.0,0.003299999982119,0.0,0.0,0.0,0.0,6.99359884614905,0,1,0,0,0,0
"ER, ArGal rep2",2.0,0.0,0.0,0.0,0.0,0.0,0.0,0.0,0.0,0.0,0.0,0.003199998289347,0.0,0.0,0.0,0.0,6.90848014210247,0,1,0,0,0,0
"ER, ArGal rep3",0.0,0.0,0.0,0.0,0.0,0.0,0.0,0.0,0.0,0.0,0.0,0.0006667,0.0,0.0,0.0,0.0,6.7,0,1,0,0,0,0
"ER, ArGal rep3",1.0,0.0,0.0,0.0,0.0,0.0,0.0,0.0,0.0,0.0,0.0,0.000500001013279,0.0,0.0,0.0,0.0,6.95635231781022,0,1,0,0,0,0
"ER, ArGal rep3",2.0,0.0,0.0,0.0,0.0,0.0,0.0,0.0,0.0,0.0,0.0,0.005400002002716,0.0,0.0,0.0,0.0,6.93937724029386,0,1,0,0,0,0
"ER, Inulin rep1",0.0,0.0,0.0,0.0,0.0,0.0,0.0,0.0,0.0,0.0,0.0,0.0006667,0.0,0.0,0.0,0.0,6.7,0,0,1,0,0,0
"ER, Inulin rep1",1.0,0.0,0.0,0.0,0.0,0.0,0.0,0.0,0.0,0.0,0.0,0.005300000309944,0.0,0.0,0.0,0.0,6.97054258699099,0,0,1,0,0,0
"ER, Inulin rep1",2.0,0.0,0.0,0.0,0.0,0.0,0.0,0.0,0.0,0.0,0.0,-0.001199997961521,0.0,0.0,0.0,0.0,6.92161542424683,0,0,1,0,0,0
"ER, Inulin rep2",0.0,0.0,0.0,0.0,0.0,0.0,0.0,0.0,0.0,0.0,0.0,0.0006667,0.0,0.0,0.0,0.0,6.7,0,0,1,0,0,0
"ER, Inulin rep2",1.0,0.0,0.0,0.0,0.0,0.0,0.0,0.0,0.0,0.0,0.0,0.006400004029274,0.0,0.0,0.0,0.0,6.98083702726586,0,0,1,0,0,0
"ER, Inulin rep2",2.0,0.0,0.0,0.0,0.0,0.0,0.0,0.0,0.0,0.0,0.0,0.001800000667572,0.0,0.0,0.0,0.0,6.90729458019169,0,0,1,0,0,0
"ER, Inulin rep3",0.0,0.0,0.0,0.0,0.0,0.0,0.0,0.0,0.0,0.0,0.0,0.0006667,0.0,0.0,0.0,0.0,6.7,0,0,1,0,0,0
"ER, Inulin rep3",1.0,0.0,0.0,0.0,0.0,0.0,0.0,0.0,0.0,0.0,0.0,0.004499994218349,0.0,0.0,0.0,0.0,6.96989406398591,0,0,1,0,0,0
"ER, Inulin rep3",2.0,0.0,0.0,0.0,0.0,0.0,0.0,0.0,0.0,0.0,0.0,0.001800000667572,0.0,0.0,0.0,0.0,6.89241337658134,0,0,1,0,0,0
"ER, Starch rep1",0.0,0.0,0.0,0.0,0.0,0.0,0.0,0.0,0.0,0.0,0.0,0.0006667,0.0,0.0,0.0,0.0,6.7,0,0,0,0,1,0
"ER, Starch rep1",1.0,0.0,0.0,0.0,0.0,0.0,0.0,0.0,0.0,0.0,0.0,-0.053099997341633,0.0,0.0,0.0,0.0,6.90693849603093,0,0,0,0,1,0
"ER, Starch rep1",2.0,0.0,0.0,0.0,0.0,0.0,0.0,0.0,0.0,0.0,0.0,-0.008799999952316,0.0,0.0,0.0,0.0,6.72896720004505,0,0,0,0,1,0
"ER, Starch rep2",0.0,0.0,0.0,0.0,0.0,0.0,0.0,0.0,0.0,0.0,0.0,0.0006667,0.0,0.0,0.0,0.0,6.7,0,0,0,0,1,0
"ER, Starch rep2",1.0,0.0,0.0,0.0,0.0,0.0,0.0,0.0,0.0,0.0,0.0,-0.050899997353554,0.0,0.0,0.0,0.0,6.85313396736248,0,0,0,0,1,0
"ER, Starch rep2",2.0,0.0,0.0,0.0,0.0,0.0,0.0,0.0,0.0,0.0,0.0,-0.007299996912479,0.0,0.0,0.0,0.0,6.74652693600331,0,0,0,0,1,0
"ER, Starch rep3",0.0,0.0,0.0,0.0,0.0,0.0,0.0,0.0,0.0,0.0,0.0,0.0006667,0.0,0.0,0.0,0.0,6.7,0,0,0,0,1,0
"ER, Starch rep3",1.0,0.0,0.0,0.0,0.0,0.0,0.0,0.0,0.0,0.0,0.0,-0.056799992918969,0.0,0.0,0.0,0.0,6.88077899004039,0,0,0,0,1,0
"ER, Starch rep3",2.0,0.0,0.0,0.0,0.0,0.0,0.0,0.0,0.0,0.0,0.0,-0.016399994492531,0.0,0.0,0.0,0.0,6.75579811945109,0,0,0,0,1,0
"ER, Xylan rep1",0.0,0.0,0.0,0.0,0.0,0.0,0.0,0.0,0.0,0.0,0.0,0.0006667,0.0,0.0,0.0,0.0,6.7,0,0,0,0,0,1
"ER, Xylan rep1",1.0,0.0,0.0,0.0,0.0,0.0,0.0,0.0,0.0,0.0,0.0,0.011399999260902,0.0,0.0,0.0,0.0,6.94780620249654,0,0,0,0,0,1
"ER, Xylan rep1",2.0,0.0,0.0,0.0,0.0,0.0,0.0,0.0,0.0,0.0,0.0,0.000500001013279,0.0,0.0,0.0,0.0,6.89265609452584,0,0,0,0,0,1
"ER, Xylan rep2",0.0,0.0,0.0,0.0,0.0,0.0,0.0,0.0,0.0,0.0,0.0,0.0006667,0.0,0.0,0.0,0.0,6.7,0,0,0,0,0,1
"ER, Xylan rep2",1.0,0.0,0.0,0.0,0.0,0.0,0.0,0.0,0.0,0.0,0.0,0.003799997270107,0.0,0.0,0.0,0.0,6.95103748872999,0,0,0,0,0,1
"ER, Xylan rep2",2.0,0.0,0.0,0.0,0.0,0.0,0.0,0.0,0.0,0.0,0.0,-0.005300004035234,0.0,0.0,0.0,0.0,6.9323288770645,0,0,0,0,0,1
"ER, Xylan rep3",0.0,0.0,0.0,0.0,0.0,0.0,0.0,0.0,0.0,0.0,0.0,0.0006667,0.0,0.0,0.0,0.0,6.7,0,0,0,0,0,1
"ER, Xylan rep3",1.0,0.0,0.0,0.0,0.0,0.0,0.0,0.0,0.0,0.0,0.0,0.005300004035234,0.0,0.0,0.0,0.0,6.93926414061091,0,0,0,0,0,1
"ER, Xylan rep3",2.0,0.0,0.0,0.0,0.0,0.0,0.0,0.0,0.0,0.0,0.0,0.004999998956919,0.0,0.0,0.0,0.0,6.88753998164332,0,0,0,0,0,1
"ER, none rep1",0.0,0.0,0.0,0.0,0.0,0.0,0.0,0.0,0.0,0.0,0.0,0.0006667,0.0,0.0,0.0,0.0,6.7,0,0,0,0,0,0
"ER, none rep1",1.0,0.0,0.0,0.0,0.0,0.0,0.0,0.0,0.0,0.0,0.0,0.011400002986193,0.0,0.0,0.0,0.0,6.9796651868766,0,0,0,0,0,0
"ER, none rep1",2.0,0.0,0.0,0.0,0.0,0.0,0.0,0.0,0.0,0.0,0.0,0.000500001013279,0.0,0.0,0.0,0.0,6.91249521916288,0,0,0,0,0,0
"ER, none rep2",0.0,0.0,0.0,0.0,0.0,0.0,0.0,0.0,0.0,0.0,0.0,0.0006667,0.0,0.0,0.0,0.0,6.7,0,0,0,0,0,0
"ER, none rep2",1.0,0.0,0.0,0.0,0.0,0.0,0.0,0.0,0.0,0.0,0.0,0.000700000673533,0.0,0.0,0.0,0.0,6.96696812917188,0,0,0,0,0,0
"ER, none rep2",2.0,0.0,0.0,0.0,0.0,0.0,0.0,0.0,0.0,0.0,0.0,4.16333634234434e-17,0.0,0.0,0.0,0.0,6.90312825171816,0,0,0,0,0,0
"ER, none rep3",0.0,0.0,0.0,0.0,0.0,0.0,0.0,0.0,0.0,0.0,0.0,0.0006667,0.0,0.0,0.0,0.0,6.7,0,0,0,0,0,0
"ER, none rep3",1.0,0.0,0.0,0.0,0.0,0.0,0.0,0.0,0.0,0.0,0.0,-0.011500000953674,0.0,0.0,0.0,0.0,6.98761613180351,0,0,0,0,0,0
"ER, none rep3",2.0,0.0,0.0,0.0,0.0,0.0,0.0,0.0,0.0,0.0,0.0,-0.010400000959635,0.0,0.0,0.0,0.0,6.9228916032225,0,0,0,0,0,0
"FP, AcGum rep1",0.0,0.0,0.0,0.0,0.0,0.0,0.0,0.0,0.0,0.0,0.0,0.0,0.0006667,0.0,0.0,0.0,6.7,1,0,0,0,0,0
"FP, AcGum rep1",1.0,0.0,0.0,0.0,0.0,0.0,0.0,0.0,0.0,0.0,0.0,0.0,0.007600001990795,0.0,0.0,0.0,6.9181224535741,1,0,0,0,0,0
"FP, AcGum rep1",2.0,0.0,0.0,0.0,0.0,0.0,0.0,0.0,0.0,0.0,0.0,0.0,0.002400003373623,0.0,0.0,0.0,6.88213682378563,1,0,0,0,0,0
"FP, AcGum rep2",0.0,0.0,0.0,0.0,0.0,0.0,0.0,0.0,0.0,0.0,0.0,0.0,0.0006667,0.0,0.0,0.0,6.7,1,0,0,0,0,0
"FP, AcGum rep2",1.0,0.0,0.0,0.0,0.0,0.0,0.0,0.0,0.0,0.0,0.0,0.0,0.017000004649162,0.0,0.0,0.0,6.91672011178754,1,0,0,0,0,0
"FP, AcGum rep2",2.0,0.0,0.0,0.0,0.0,0.0,0.0,0.0,0.0,0.0,0.0,0.0,0.00730000436306,0.0,0.0,0.0,6.87631519613855,1,0,0,0,0,0
"FP, AcGum rep3",0.0,0.0,0.0,0.0,0.0,0.0,0.0,0.0,0.0,0.0,0.0,0.0,0.0006667,0.0,0.0,0.0,6.7,1,0,0,0,0,0
"FP, AcGum rep3",1.0,0.0,0.0,0.0,0.0,0.0,0.0,0.0,0.0,0.0,0.0,0.0,0.019299998879433,0.0,0.0,0.0,6.93982944942316,1,0,0,0,0,0
"FP, AcGum rep3",2.0,0.0,0.0,0.0,0.0,0.0,0.0,0.0,0.0,0.0,0.0,0.0,0.007699996232986,0.0,0.0,0.0,6.88912782943473,1,0,0,0,0,0
"FP, ArGal rep1",0.0,0.0,0.0,0.0,0.0,0.0,0.0,0.0,0.0,0.0,0.0,0.0,0.0006667,0.0,0.0,0.0,6.7,0,1,0,0,0,0
"FP, ArGal rep1",1.0,0.0,0.0,0.0,0.0,0.0,0.0,0.0,0.0,0.0,0.0,0.0,0.008799999952316,0.0,0.0,0.0,6.98168803488032,0,1,0,0,0,0
"FP, ArGal rep1",2.0,0.0,0.0,0.0,0.0,0.0,0.0,0.0,0.0,0.0,0.0,0.0,0.007200002670288,0.0,0.0,0.0,6.90693849603093,0,1,0,0,0,0
"FP, ArGal rep2",0.0,0.0,0.0,0.0,0.0,0.0,0.0,0.0,0.0,0.0,0.0,0.0,0.0006667,0.0,0.0,0.0,6.7,0,1,0,0,0,0
"FP, ArGal rep2",1.0,0.0,0.0,0.0,0.0,0.0,0.0,0.0,0.0,0.0,0.0,0.0,0.005499999970198,0.0,0.0,0.0,6.96620751772124,0,1,0,0,0,0
"FP, ArGal rep2",2.0,0.0,0.0,0.0,0.0,0.0,0.0,0.0,0.0,0.0,0.0,0.0,0.004300002008677,0.0,0.0,0.0,6.90646341804183,0,1,0,0,0,0
"FP, ArGal rep3",0.0,0.0,0.0,0.0,0.0,0.0,0.0,0.0,0.0,0.0,0.0,0.0,0.0006667,0.0,0.0,0.0,6.7,0,1,0,0,0,0
"FP, ArGal rep3",1.0,0.0,0.0,0.0,0.0,0.0,0.0,0.0,0.0,0.0,0.0,0.0,0.007700003683567,0.0,0.0,0.0,6.96978591746035,0,1,0,0,0,0
"FP, ArGal rep3",2.0,0.0,0.0,0.0,0.0,0.0,0.0,0.0,0.0,0.0,0.0,0.0,0.004799999296665,0.0,0.0,0.0,6.91847257711398,0,1,0,0,0,0
"FP, Inulin rep1",0.0,0.0,0.0,0.0,0.0,0.0,0.0,0.0,0.0,0.0,0.0,0.0,0.0006667,0.0,0.0,0.0,6.7,0,0,1,0,0,0
"FP, Inulin rep1",1.0,0.0,0.0,0.0,0.0,0.0,0.0,0.0,0.0,0.0,0.0,0.0,0.007699996232986,0.0,0.0,0.0,6.97172996385993,0,0,1,0,0,0
"FP, Inulin rep1",2.0,0.0,0.0,0.0,0.0,0.0,0.0,0.0,0.0,0.0,0.0,0.0,-0.002499997615814,0.0,0.0,0.0,6.90455967624298,0,0,1,0,0,0
"FP, Inulin rep2",0.0,0.0,0.0,0.0,0.0,0.0,0.0,0.0,0.0,0.0,0.0,0.0,0.0006667,0.0,0.0,0.0,6.7,0,0,1,0,0,0
"FP, Inulin rep2",1.0,0.0,0.0,0.0,0.0,0.0,0.0,0.0,0.0,0.0,0.0,0.0,0.000600002706051,0.0,0.0,0.0,7.01379151306035,0,0,1,0,0,0
"FP, Inulin rep2",2.0,0.0,0.0,0.0,0.0,0.0,0.0,0.0,0.0,0.0,0.0,0.0,0.00280000269413,0.0,0.0,0.0,6.91178844448923,0,0,1,0,0,0
"FP, Inulin rep3",0.0,0.0,0.0,0.0,0.0,0.0,0.0,0.0,0.0,0.0,0.0,0.0,0.0006667,0.0,0.0,0.0,6.7,0,0,1,0,0,0
"FP, Inulin rep3",1.0,0.0,0.0,0.0,0.0,0.0,0.0,0.0,0.0,0.0,0.0,0.0,-0.001800000667572,0.0,0.0,0.0,6.96544606348078,0,0,1,0,0,0
"FP, Inulin rep3",2.0,0.0,0.0,0.0,0.0,0.0,0.0,0.0,0.0,0.0,0.0,0.0,0.001099996268749,0.0,0.0,0.0,6.91167057531654,0,0,1,0,0,0
"FP, Starch rep1",0.0,0.0,0.0,0.0,0.0,0.0,0.0,0.0,0.0,0.0,0.0,0.0,0.0006667,0.0,0.0,0.0,6.7,0,0,0,0,1,0
"FP, Starch rep1",1.0,0.0,0.0,0.0,0.0,0.0,0.0,0.0,0.0,0.0,0.0,0.0,-0.010899998247623,0.0,0.0,0.0,6.94534457308809,0,0,0,0,1,0
"FP, Starch rep1",2.0,0.0,0.0,0.0,0.0,0.0,0.0,0.0,0.0,0.0,0.0,0.0,-0.002000004053116,0.0,0.0,0.0,6.91672011178754,0,0,0,0,1,0
"FP, Starch rep2",0.0,0.0,0.0,0.0,0.0,0.0,0.0,0.0,0.0,0.0,0.0,0.0,0.0006667,0.0,0.0,0.0,6.7,0,0,0,0,1,0
"FP, Starch rep2",1.0,0.0,0.0,0.0,0.0,0.0,0.0,0.0,0.0,0.0,0.0,0.0,-0.017199993133545,0.0,0.0,0.0,6.95336783206343,0,0,0,0,1,0
"FP, Starch rep2",2.0,0.0,0.0,0.0,0.0,0.0,0.0,0.0,0.0,0.0,0.0,0.0,-0.003699995577335,0.0,0.0,0.0,6.92474351474179,0,0,0,0,1,0
"FP, Starch rep3",0.0,0.0,0.0,0.0,0.0,0.0,0.0,0.0,0.0,0.0,0.0,0.0,0.0006667,0.0,0.0,0.0,6.7,0,0,0,0,1,0
"FP, Starch rep3",1.0,0.0,0.0,0.0,0.0,0.0,0.0,0.0,0.0,0.0,0.0,0.0,-0.02309999614954,0.0,0.0,0.0,6.95502749268883,0,0,0,0,1,0
"FP, Starch rep3",2.0,0.0,0.0,0.0,0.0,0.0,0.0,0.0,0.0,0.0,0.0,0.0,-0.003799989819527,0.0,0.0,0.0,6.9156664087739,0,0,0,0,1,0
"FP, Xylan rep1",0.0,0.0,0.0,0.0,0.0,0.0,0.0,0.0,0.0,0.0,0.0,0.0,0.0006667,0.0,0.0,0.0,6.7,0,0,0,0,0,1
"FP, Xylan rep1",1.0,0.0,0.0,0.0,0.0,0.0,0.0,0.0,0.0,0.0,0.0,0.0,-0.001200001686811,0.0,0.0,0.0,6.93540740910973,0,0,0,0,0,1
"FP, Xylan rep1",2.0,0.0,0.0,0.0,0.0,0.0,0.0,0.0,0.0,0.0,0.0,0.0,0.001900002360344,0.0,0.0,0.0,6.87892280927455,0,0,0,0,0,1
"FP, Xylan rep2",0.0,0.0,0.0,0.0,0.0,0.0,0.0,0.0,0.0,0.0,0.0,0.0,0.0006667,0.0,0.0,0.0,6.7,0,0,0,0,0,1
"FP, Xylan rep2",1.0,0.0,0.0,0.0,0.0,0.0,0.0,0.0,0.0,0.0,0.0,0.0,-0.006900001317263,0.0,0.0,0.0,6.94780620249654,0,0,0,0,0,1
"FP, Xylan rep2",2.0,0.0,0.0,0.0,0.0,0.0,0.0,0.0,0.0,0.0,0.0,0.0,-0.003100000321865,0.0,0.0,0.0,6.8823833979938,0,0,0,0,0,1
"FP, Xylan rep3",0.0,0.0,0.0,0.0,0.0,0.0,0.0,0.0,0.0,0.0,0.0,0.0,0.0006667,0.0,0.0,0.0,6.7,0,0,0,0,0,1
"FP, Xylan rep3",1.0,0.0,0.0,0.0,0.0,0.0,0.0,0.0,0.0,0.0,0.0,0.0,0.004099998623133,0.0,0.0,0.0,6.95281371188752,0,0,0,0,0,1
"FP, Xylan rep3",2.0,0.0,0.0,0.0,0.0,0.0,0.0,0.0,0.0,0.0,0.0,0.0,0.004099998623133,0.0,0.0,0.0,6.89713021715261,0,0,0,0,0,1
"FP, none rep1",0.0,0.0,0.0,0.0,0.0,0.0,0.0,0.0,0.0,0.0,0.0,0.0,0.0006667,0.0,0.0,0.0,6.7,0,0,0,0,0,0
"FP, none rep1",1.0,0.0,0.0,0.0,0.0,0.0,0.0,0.0,0.0,0.0,0.0,0.0,0.013900000602007,0.0,0.0,0.0,6.99380784085588,0,0,0,0,0,0
"FP, none rep1",2.0,0.0,0.0,0.0,0.0,0.0,0.0,0.0,0.0,0.0,0.0,0.0,0.001900002360344,0.0,0.0,0.0,6.92831704569099,0,0,0,0,0,0
"FP, none rep2",0.0,0.0,0.0,0.0,0.0,0.0,0.0,0.0,0.0,0.0,0.0,0.0,0.0006667,0.0,0.0,0.0,6.7,0,0,0,0,0,0
"FP, none rep2",1.0,0.0,0.0,0.0,0.0,0.0,0.0,0.0,0.0,0.0,0.0,0.0,0.001299999654293,0.0,0.0,0.0,6.95447472155649,0,0,0,0,0,0
"FP, none rep2",2.0,0.0,0.0,0.0,0.0,0.0,0.0,0.0,0.0,0.0,0.0,0.0,-0.000700000673532,0.0,0.0,0.0,6.89773249193851,0,0,0,0,0,0
"FP, none rep3",0.0,0.0,0.0,0.0,0.0,0.0,0.0,0.0,0.0,0.0,0.0,0.0,0.0006667,0.0,0.0,0.0,6.7,0,0,0,0,0,0
"FP, none rep3",1.0,0.0,0.0,0.0,0.0,0.0,0.0,0.0,0.0,0.0,0.0,0.0,-0.013599999248981,0.0,0.0,0.0,6.98136902913537,0,0,0,0,0,0
"FP, none rep3",2.0,0.0,0.0,0.0,0.0,0.0,0.0,0.0,0.0,0.0,0.0,0.0,-0.009300000965595,0.0,0.0,0.0,6.89204913063741,0,0,0,0,0,0
"PC, AcGum rep1",0.0,0.0,0.0,0.0,0.0,0.0,0.0,0.0,0.0,0.0,0.0,0.0,0.0,0.0006667,0.0,0.0,6.7,1,0,0,0,0,0
"PC, AcGum rep1",1.0,0.0,0.0,0.0,0.0,0.0,0.0,0.0,0.0,0.0,0.0,0.0,0.0,0.03490000218153,0.0,0.0,6.92762688360466,1,0,0,0,0,0
"PC, AcGum rep1",2.0,0.0,0.0,0.0,0.0,0.0,0.0,0.0,0.0,0.0,0.0,0.0,0.0,0.018300004303455,0.0,0.0,6.87991343312915,1,0,0,0,0,0
"PC, AcGum rep2",0.0,0.0,0.0,0.0,0.0,0.0,0.0,0.0,0.0,0.0,0.0,0.0,0.0,0.0006667,0.0,0.0,6.7,1,0,0,0,0,0
"PC, AcGum rep2",1.0,0.0,0.0,0.0,0.0,0.0,0.0,0.0,0.0,0.0,0.0,0.0,0.0,0.026100002229214,0.0,0.0,6.9177721455089,1,0,0,0,0,0
"PC, AcGum rep2",2.0,0.0,0.0,0.0,0.0,0.0,0.0,0.0,0.0,0.0,0.0,0.0,0.0,0.019900001585484,0.0,0.0,6.87569278544871,1,0,0,0,0,0
"PC, AcGum rep3",0.0,0.0,0.0,0.0,0.0,0.0,0.0,0.0,0.0,0.0,0.0,0.0,0.0,0.0006667,0.0,0.0,6.7,1,0,0,0,0,0
"PC, AcGum rep3",1.0,0.0,0.0,0.0,0.0,0.0,0.0,0.0,0.0,0.0,0.0,0.0,0.0,0.017599999904633,0.0,0.0,6.93003934401302,1,0,0,0,0,0
"PC, AcGum rep3",2.0,0.0,0.0,0.0,0.0,0.0,0.0,0.0,0.0,0.0,0.0,0.0,0.0,0.020599998533726,0.0,0.0,6.87494510162394,1,0,0,0,0,0
"PC, ArGal rep1",0.0,0.0,0.0,0.0,0.0,0.0,0.0,0.0,0.0,0.0,0.0,0.0,0.0,0.0006667,0.0,0.0,6.7,0,1,0,0,0,0
"PC, ArGal rep1",1.0,0.0,0.0,0.0,0.0,0.0,0.0,0.0,0.0,0.0,0.0,0.0,0.0,0.013599999248982,0.0,0.0,6.95822476160269,0,1,0,0,0,0
"PC, ArGal rep1",2.0,0.0,0.0,0.0,0.0,0.0,0.0,0.0,0.0,0.0,0.0,0.0,0.0,0.015100002288818,0.0,0.0,6.90836168164928,0,1,0,0,0,0
"PC, ArGal rep2",0.0,0.0,0.0,0.0,0.0,0.0,0.0,0.0,0.0,0.0,0.0,0.0,0.0,0.0006667,0.0,0.0,6.7,0,1,0,0,0,0
"PC, ArGal rep2",1.0,0.0,0.0,0.0,0.0,0.0,0.0,0.0,0.0,0.0,0.0,0.0,0.0,0.017799999564886,0.0,0.0,6.97205343953459,0,1,0,0,0,0
"PC, ArGal rep2",2.0,0.0,0.0,0.0,0.0,0.0,0.0,0.0,0.0,0.0,0.0,0.0,0.0,0.013100001960993,0.0,0.0,6.91155268515001,0,1,0,0,0,0
"PC, ArGal rep3",0.0,0.0,0.0,0.0,0.0,0.0,0.0,0.0,0.0,0.0,0.0,0.0,0.0,0.0006667,0.0,0.0,6.7,0,1,0,0,0,0
"PC, ArGal rep3",1.0,0.0,0.0,0.0,0.0,0.0,0.0,0.0,0.0,0.0,0.0,0.0,0.0,0.059500001370907,0.0,0.0,6.95624201394459,0,1,0,0,0,0
"PC, ArGal rep3",2.0,0.0,0.0,0.0,0.0,0.0,0.0,0.0,0.0,0.0,0.0,0.0,0.0,0.01690000295639,0.0,0.0,6.88102608017002,0,1,0,0,0,0
"PC, Inulin rep1",0.0,0.0,0.0,0.0,0.0,0.0,0.0,0.0,0.0,0.0,0.0,0.0,0.0,0.0006667,0.0,0.0,6.7,0,0,1,0,0,0
"PC, Inulin rep1",1.0,0.0,0.0,0.0,0.0,0.0,0.0,0.0,0.0,0.0,0.0,0.0,0.0,0.8108000010252,0.0,0.0,5.76652733057611,0,0,1,0,0,0
"PC, Inulin rep1",2.0,0.0,0.0,0.0,0.0,0.0,0.0,0.0,0.0,0.0,0.0,0.0,0.0,0.996900007128716,0.0,0.0,4.41470041475626,0,0,1,0,0,0
"PC, Inulin rep2",0.0,0.0,0.0,0.0,0.0,0.0,0.0,0.0,0.0,0.0,0.0,0.0,0.0,0.0006667,0.0,0.0,6.7,0,0,1,0,0,0
"PC, Inulin rep2",1.0,0.0,0.0,0.0,0.0,0.0,0.0,0.0,0.0,0.0,0.0,0.0,0.0,0.817999996244907,0.0,0.0,5.57065714514504,0,0,1,0,0,0
"PC, Inulin rep2",2.0,0.0,0.0,0.0,0.0,0.0,0.0,0.0,0.0,0.0,0.0,0.0,0.0,1.01229999214411,0.0,0.0,,0,0,1,0,0,0
"PC, Inulin rep3",0.0,0.0,0.0,0.0,0.0,0.0,0.0,0.0,0.0,0.0,0.0,0.0,0.0,0.0006667,0.0,0.0,6.7,0,0,1,0,0,0
"PC, Inulin rep3",1.0,0.0,0.0,0.0,0.0,0.0,0.0,0.0,0.0,0.0,0.0,0.0,0.0,0.798100009560585,0.0,0.0,5.53356836864829,0,0,1,0,0,0
"PC, Inulin rep3",2.0,0.0,0.0,0.0,0.0,0.0,0.0,0.0,0.0,0.0,0.0,0.0,0.0,1.00599993765354,0.0,0.0,4.78117840613811,0,0,1,0,0,0
"PC, Starch rep1",0.0,0.0,0.0,0.0,0.0,0.0,0.0,0.0,0.0,0.0,0.0,0.0,0.0,0.0006667,0.0,0.0,6.7,0,0,0,0,1,0
"PC, Starch rep1",1.0,0.0,0.0,0.0,0.0,0.0,0.0,0.0,0.0,0.0,0.0,0.0,0.0,0.00059999525547,0.0,0.0,6.9653372153681,0,0,0,0,1,0
"PC, Starch rep1",2.0,0.0,0.0,0.0,0.0,0.0,0.0,0.0,0.0,0.0,0.0,0.0,0.0,-0.002100005745888,0.0,0.0,6.92635973373569,0,0,0,0,1,0
"PC, Starch rep2",0.0,0.0,0.0,0.0,0.0,0.0,0.0,0.0,0.0,0.0,0.0,0.0,0.0,0.0006667,0.0,0.0,6.7,0,0,0,0,1,0
"PC, Starch rep2",1.0,0.0,0.0,0.0,0.0,0.0,0.0,0.0,0.0,0.0,0.0,0.0,0.0,0.003000006079674,0.0,0.0,6.9712984269231,0,0,0,0,1,0
"PC, Starch rep2",2.0,0.0,0.0,0.0,0.0,0.0,0.0,0.0,0.0,0.0,0.0,0.0,0.0,0.000799998641014,0.0,0.0,6.90073560389554,0,0,0,0,1,0
"PC, Starch rep3",0.0,0.0,0.0,0.0,0.0,0.0,0.0,0.0,0.0,0.0,0.0,0.0,0.0,0.0006667,0.0,0.0,6.7,0,0,0,0,1,0
"PC, Starch rep3",1.0,0.0,0.0,0.0,0.0,0.0,0.0,0.0,0.0,0.0,0.0,0.0,0.0,-0.010399997234345,0.0,0.0,6.96544606348078,0,0,0,0,1,0
"PC, Starch rep3",2.0,0.0,0.0,0.0,0.0,0.0,0.0,0.0,0.0,0.0,0.0,0.0,0.0,-0.009199991822243,0.0,0.0,6.9085985813145,0,0,0,0,1,0
"PC, Xylan rep1",0.0,0.0,0.0,0.0,0.0,0.0,0.0,0.0,0.0,0.0,0.0,0.0,0.0,0.0006667,0.0,0.0,6.7,0,0,0,0,0,1
"PC, Xylan rep1",1.0,0.0,0.0,0.0,0.0,0.0,0.0,0.0,0.0,0.0,0.0,0.0,0.0,0.490199983119965,0.0,0.0,5.74081311765564,0,0,0,0,0,1
"PC, Xylan rep1",2.0,0.0,0.0,0.0,0.0,0.0,0.0,0.0,0.0,0.0,0.0,0.0,0.0,0.636300027370453,0.0,0.0,4.27490992948959,0,0,0,0,0,1
"PC, Xylan rep2",0.0,0.0,0.0,0.0,0.0,0.0,0.0,0.0,0.0,0.0,0.0,0.0,0.0,0.0006667,0.0,0.0,6.7,0,0,0,0,0,1
"PC, Xylan rep2",1.0,0.0,0.0,0.0,0.0,0.0,0.0,0.0,0.0,0.0,0.0,0.0,0.0,0.539700023829937,0.0,0.0,5.58751856980279,0,0,0,0,0,1
"PC, Xylan rep2",2.0,0.0,0.0,0.0,0.0,0.0,0.0,0.0,0.0,0.0,0.0,0.0,0.0,0.591899983584881,0.0,0.0,5.39381992944393,0,0,0,0,0,1
"PC, Xylan rep3",0.0,0.0,0.0,0.0,0.0,0.0,0.0,0.0,0.0,0.0,0.0,0.0,0.0,0.0006667,0.0,0.0,6.7,0,0,0,0,0,1
"PC, Xylan rep3",1.0,0.0,0.0,0.0,0.0,0.0,0.0,0.0,0.0,0.0,0.0,0.0,0.0,0.511199977248907,0.0,0.0,5.72009035078251,0,0,0,0,0,1
"PC, Xylan rep3",2.0,0.0,0.0,0.0,0.0,0.0,0.0,0.0,0.0,0.0,0.0,0.0,0.0,0.659000005573034,0.0,0.0,,0,0,0,0,0,1
"PC, none rep1",0.0,0.0,0.0,0.0,0.0,0.0,0.0,0.0,0.0,0.0,0.0,0.0,0.0,0.0006667,0.0,0.0,6.7,0,0,0,0,0,0
"PC, none rep1",1.0,0.0,0.0,0.0,0.0,0.0,0.0,0.0,0.0,0.0,0.0,0.0,0.0,0.007500004023314,0.0,0.0,6.96816167855918,0,0,0,0,0,0
"PC, none rep1",2.0,0.0,0.0,0.0,0.0,0.0,0.0,0.0,0.0,0.0,0.0,0.0,0.0,0.006400000303984,0.0,0.0,6.89059011338742,0,0,0,0,0,0
"PC, none rep2",0.0,0.0,0.0,0.0,0.0,0.0,0.0,0.0,0.0,0.0,0.0,0.0,0.0,0.0006667,0.0,0.0,6.7,0,0,0,0,0,0
"PC, none rep2",1.0,0.0,0.0,0.0,0.0,0.0,0.0,0.0,0.0,0.0,0.0,0.0,0.0,-0.001200001686811,0.0,0.0,6.98698338440403,0,0,0,0,0,0
"PC, none rep2",2.0,0.0,0.0,0.0,0.0,0.0,0.0,0.0,0.0,0.0,0.0,0.0,0.0,-0.000599998980761,0.0,0.0,6.87917060711407,0,0,0,0,0,0
"PC, none rep3",0.0,0.0,0.0,0.0,0.0,0.0,0.0,0.0,0.0,0.0,0.0,0.0,0.0,0.0006667,0.0,0.0,6.7,0,0,0,0,0,0
"PC, none rep3",1.0,0.0,0.0,0.0,0.0,0.0,0.0,0.0,0.0,0.0,0.0,0.0,0.0,0.000399999320507,0.0,0.0,6.97431353608981,0,0,0,0,0,0
"PC, none rep3",2.0,0.0,0.0,0.0,0.0,0.0,0.0,0.0,0.0,0.0,0.0,0.0,0.0,-0.012499999254942,0.0,0.0,6.91249521916288,0,0,0,0,0,0
"PJ, AcGum rep1",0.0,0.0,0.0,0.0,0.0,0.0,0.0,0.0,0.0,0.0,0.0,0.0,0.0,0.0,0.0006667,0.0,6.7,1,0,0,0,0,0
"PJ, AcGum rep1",1.0,0.0,0.0,0.0,0.0,0.0,0.0,0.0,0.0,0.0,0.0,0.0,0.0,0.0,0.021600000560284,0.0,6.934838373795,1,0,0,0,0,0
"PJ, AcGum rep1",2.0,0.0,0.0,0.0,0.0,0.0,0.0,0.0,0.0,0.0,0.0,0.0,0.0,0.0,0.011900000274181,0.0,6.87219617412755,1,0,0,0,0,0
"PJ, AcGum rep2",0.0,0.0,0.0,0.0,0.0,0.0,0.0,0.0,0.0,0.0,0.0,0.0,0.0,0.0,0.0006667,0.0,6.7,1,0,0,0,0,0
"PJ, AcGum rep2",1.0,0.0,0.0,0.0,0.0,0.0,0.0,0.0,0.0,0.0,0.0,0.0,0.0,0.0,0.024500004947186,0.0,6.93881155204134,1,0,0,0,0,0
"PJ, AcGum rep2",2.0,0.0,0.0,0.0,0.0,0.0,0.0,0.0,0.0,0.0,0.0,0.0,0.0,0.0,0.011400006711483,0.0,6.86792467641074,1,0,0,0,0,0
"PJ, AcGum rep3",0.0,0.0,0.0,0.0,0.0,0.0,0.0,0.0,0.0,0.0,0.0,0.0,0.0,0.0,0.0006667,0.0,6.7,1,0,0,0,0,0
"PJ, AcGum rep3",1.0,0.0,0.0,0.0,0.0,0.0,0.0,0.0,0.0,0.0,0.0,0.0,0.0,0.0,0.015099994838238,0.0,6.91049072742758,1,0,0,0,0,0
"PJ, AcGum rep3",2.0,0.0,0.0,0.0,0.0,0.0,0.0,0.0,0.0,0.0,0.0,0.0,0.0,0.0,0.017699994146824,0.0,6.86729412107144,1,0,0,0,0,0
"PJ, ArGal rep1",0.0,0.0,0.0,0.0,0.0,0.0,0.0,0.0,0.0,0.0,0.0,0.0,0.0,0.0,0.0006667,0.0,6.7,0,1,0,0,0,0
"PJ, ArGal rep1",1.0,0.0,0.0,0.0,0.0,0.0,0.0,0.0,0.0,0.0,0.0,0.0,0.0,0.0,0.116100005805492,0.0,6.89713021715261,0,1,0,0,0,0
"PJ, ArGal rep1",2.0,0.0,0.0,0.0,0.0,0.0,0.0,0.0,0.0,0.0,0.0,0.0,0.0,0.0,0.158900000154972,0.0,6.78120437331981,0,1,0,0,0,0
"PJ, ArGal rep2",0.0,0.0,0.0,0.0,0.0,0.0,0.0,0.0,0.0,0.0,0.0,0.0,0.0,0.0,0.0006667,0.0,6.7,0,1,0,0,0,0
"PJ, ArGal rep2",1.0,0.0,0.0,0.0,0.0,0.0,0.0,0.0,0.0,0.0,0.0,0.0,0.0,0.0,0.100600000470877,0.0,6.90265041780729,0,1,0,0,0,0
"PJ, ArGal rep2",2.0,0.0,0.0,0.0,0.0,0.0,0.0,0.0,0.0,0.0,0.0,0.0,0.0,0.0,0.156599994748831,0.0,6.77873973811449,0,1,0,0,0,0
"PJ, ArGal rep3",0.0,0.0,0.0,0.0,0.0,0.0,0.0,0.0,0.0,0.0,0.0,0.0,0.0,0.0,0.0006667,0.0,6.7,0,1,0,0,0,0
"PJ, ArGal rep3",1.0,0.0,0.0,0.0,0.0,0.0,0.0,0.0,0.0,0.0,0.0,0.0,0.0,0.0,0.108200006186962,0.0,6.90455967624298,0,1,0,0,0,0
"PJ, ArGal rep3",2.0,0.0,0.0,0.0,0.0,0.0,0.0,0.0,0.0,0.0,0.0,0.0,0.0,0.0,0.165899999439716,0.0,6.77975578551966,0,1,0,0,0,0
"PJ, Inulin rep1",0.0,0.0,0.0,0.0,0.0,0.0,0.0,0.0,0.0,0.0,0.0,0.0,0.0,0.0,0.0006667,0.0,6.7,0,0,1,0,0,0
"PJ, Inulin rep1",1.0,0.0,0.0,0.0,0.0,0.0,0.0,0.0,0.0,0.0,0.0,0.0,0.0,0.0,0.000799998641014,0.0,6.93084157025003,0,0,1,0,0,0
"PJ, Inulin rep1",2.0,0.0,0.0,0.0,0.0,0.0,0.0,0.0,0.0,0.0,0.0,0.0,0.0,0.0,-0.000699996948242,0.0,6.91320124034152,0,0,1,0,0,0
"PJ, Inulin rep2",0.0,0.0,0.0,0.0,0.0,0.0,0.0,0.0,0.0,0.0,0.0,0.0,0.0,0.0,0.0006667,0.0,6.7,0,0,1,0,0,0
"PJ, Inulin rep2",1.0,0.0,0.0,0.0,0.0,0.0,0.0,0.0,0.0,0.0,0.0,0.0,0.0,0.0,0.003600001335144,0.0,6.95259193744807,0,0,1,0,0,0
"PJ, Inulin rep2",2.0,0.0,0.0,0.0,0.0,0.0,0.0,0.0,0.0,0.0,0.0,0.0,0.0,0.0,0.002000004053116,0.0,6.93198594501699,0,0,1,0,0,0
"PJ, Inulin rep3",0.0,0.0,0.0,0.0,0.0,0.0,0.0,0.0,0.0,0.0,0.0,0.0,0.0,0.0,0.0006667,0.0,6.7,0,0,1,0,0,0
"PJ, Inulin rep3",1.0,0.0,0.0,0.0,0.0,0.0,0.0,0.0,0.0,0.0,0.0,0.0,0.0,0.0,0.002399995923042,0.0,6.97710155373903,0,0,1,0,0,0
"PJ, Inulin rep3",2.0,0.0,0.0,0.0,0.0,0.0,0.0,0.0,0.0,0.0,0.0,0.0,0.0,0.0,-0.000300005078316,0.0,6.89893538546417,0,0,1,0,0,0
"PJ, Starch rep1",0.0,0.0,0.0,0.0,0.0,0.0,0.0,0.0,0.0,0.0,0.0,0.0,0.0,0.0,0.0006667,0.0,6.7,0,0,0,0,1,0
"PJ, Starch rep1",1.0,0.0,0.0,0.0,0.0,0.0,0.0,0.0,0.0,0.0,0.0,0.0,0.0,0.0,-0.00280000269413,0.0,6.94780620249654,0,0,0,0,1,0
"PJ, Starch rep1",2.0,0.0,0.0,0.0,0.0,0.0,0.0,0.0,0.0,0.0,0.0,0.0,0.0,0.0,0.00110000371933,0.0,6.89265609452584,0,0,0,0,1,0
"PJ, Starch rep2",0.0,0.0,0.0,0.0,0.0,0.0,0.0,0.0,0.0,0.0,0.0,0.0,0.0,0.0,0.0006667,0.0,6.7,0,0,0,0,1,0
"PJ, Starch rep2",1.0,0.0,0.0,0.0,0.0,0.0,0.0,0.0,0.0,0.0,0.0,0.0,0.0,0.0,-0.000499993562698,0.0,6.95103748872999,0,0,0,0,1,0
"PJ, Starch rep2",2.0,0.0,0.0,0.0,0.0,0.0,0.0,0.0,0.0,0.0,0.0,0.0,0.0,0.0,0.004000008106232,0.0,6.9323288770645,0,0,0,0,1,0
"PJ, Starch rep3",0.0,0.0,0.0,0.0,0.0,0.0,0.0,0.0,0.0,0.0,0.0,0.0,0.0,0.0,0.0006667,0.0,6.7,0,0,0,0,1,0
"PJ, Starch rep3",1.0,0.0,0.0,0.0,0.0,0.0,0.0,0.0,0.0,0.0,0.0,0.0,0.0,0.0,-0.009199991822243,0.0,6.93926414061091,0,0,0,0,1,0
"PJ, Starch rep3",2.0,0.0,0.0,0.0,0.0,0.0,0.0,0.0,0.0,0.0,0.0,0.0,0.0,0.0,-0.006799995899201,0.0,6.88753998164332,0,0,0,0,1,0
"PJ, Xylan rep1",0.0,0.0,0.0,0.0,0.0,0.0,0.0,0.0,0.0,0.0,0.0,0.0,0.0,0.0,0.0006667,0.0,6.7,0,0,0,0,0,1
"PJ, Xylan rep1",1.0,0.0,0.0,0.0,0.0,0.0,0.0,0.0,0.0,0.0,0.0,0.0,0.0,0.0,0.047600001096726,0.0,6.92866185998091,0,0,0,0,0,1
"PJ, Xylan rep1",2.0,0.0,0.0,0.0,0.0,0.0,0.0,0.0,0.0,0.0,0.0,0.0,0.0,0.0,0.053700000047684,0.0,6.86210012418925,0,0,0,0,0,1
"PJ, Xylan rep2",0.0,0.0,0.0,0.0,0.0,0.0,0.0,0.0,0.0,0.0,0.0,0.0,0.0,0.0,0.0006667,0.0,6.7,0,0,0,0,0,1
"PJ, Xylan rep2",1.0,0.0,0.0,0.0,0.0,0.0,0.0,0.0,0.0,0.0,0.0,0.0,0.0,0.0,0.039899997413158,0.0,7.63930961358108,0,0,0,0,0,1
"PJ, Xylan rep2",2.0,0.0,0.0,0.0,0.0,0.0,0.0,0.0,0.0,0.0,0.0,0.0,0.0,0.0,0.048499993979931,0.0,6.85080792097699,0,0,0,0,0,1
"PJ, Xylan rep3",0.0,0.0,0.0,0.0,0.0,0.0,0.0,0.0,0.0,0.0,0.0,0.0,0.0,0.0,0.0006667,0.0,6.7,0,0,0,0,0,1
"PJ, Xylan rep3",1.0,0.0,0.0,0.0,0.0,0.0,0.0,0.0,0.0,0.0,0.0,0.0,0.0,0.0,0.058900002390146,0.0,6.87556823145702,0,0,0,0,0,1
"PJ, Xylan rep3",2.0,0.0,0.0,0.0,0.0,0.0,0.0,0.0,0.0,0.0,0.0,0.0,0.0,0.0,0.063200000673533,0.0,6.91718788803295,0,0,0,0,0,1
"PJ, none rep1",0.0,0.0,0.0,0.0,0.0,0.0,0.0,0.0,0.0,0.0,0.0,0.0,0.0,0.0,0.0006667,0.0,6.7,0,0,0,0,0,0
"PJ, none rep1",1.0,0.0,0.0,0.0,0.0,0.0,0.0,0.0,0.0,0.0,0.0,0.0,0.0,0.0,0.007100004702806,0.0,6.92358667259147,0,0,0,0,0,0
"PJ, none rep1",2.0,0.0,0.0,0.0,0.0,0.0,0.0,0.0,0.0,0.0,0.0,0.0,0.0,0.0,-0.000899996608496,0.0,6.91928881577077,0,0,0,0,0,0
"PJ, none rep2",0.0,0.0,0.0,0.0,0.0,0.0,0.0,0.0,0.0,0.0,0.0,0.0,0.0,0.0,0.0006667,0.0,6.7,0,0,0,0,0,0
"PJ, none rep2",1.0,0.0,0.0,0.0,0.0,0.0,0.0,0.0,0.0,0.0,0.0,0.0,0.0,0.0,-0.002999998629093,0.0,6.88973751253824,0,0,0,0,0,0
"PJ, none rep2",2.0,0.0,0.0,0.0,0.0,0.0,0.0,0.0,0.0,0.0,0.0,0.0,0.0,0.0,-0.002900000661612,0.0,6.96031143861119,0,0,0,0,0,0
"PJ, none rep3",0.0,0.0,0.0,0.0,0.0,0.0,0.0,0.0,0.0,0.0,0.0,0.0,0.0,0.0,0.0006667,0.0,6.7,0,0,0,0,0,0
"PJ, none rep3",1.0,0.0,0.0,0.0,0.0,0.0,0.0,0.0,0.0,0.0,0.0,0.0,0.0,0.0,-0.0135000012815,0.0,6.78796742655103,0,0,0,0,0,0
"PJ, none rep3",2.0,0.0,0.0,0.0,0.0,0.0,0.0,0.0,0.0,0.0,0.0,0.0,0.0,0.0,-0.012800000607967,0.0,6.93824538860501,0,0,0,0,0,0
"RI, AcGum rep1",0.0,0.0,0.0,0.0,0.0,0.0,0.0,0.0,0.0,0.0,0.0,0.0,0.0,0.0,0.0,0.0006667,6.7,1,0,0,0,0,0
"RI, AcGum rep1",1.0,0.0,0.0,0.0,0.0,0.0,0.0,0.0,0.0,0.0,0.0,0.0,0.0,0.0,0.0,0.005400002002716,6.52655112009853,1,0,0,0,0,0
"RI, AcGum rep1",2.0,0.0,0.0,0.0,0.0,0.0,0.0,0.0,0.0,0.0,0.0,0.0,0.0,0.0,0.0,-0.002099998295307,6.90681975859959,1,0,0,0,0,0
"RI, AcGum rep2",0.0,0.0,0.0,0.0,0.0,0.0,0.0,0.0,0.0,0.0,0.0,0.0,0.0,0.0,0.0,0.0006667,6.7,1,0,0,0,0,0
"RI, AcGum rep2",1.0,0.0,0.0,0.0,0.0,0.0,0.0,0.0,0.0,0.0,0.0,0.0,0.0,0.0,0.0,0.019500002264976,6.66633476196461,1,0,0,0,0,0
"RI, AcGum rep2",2.0,0.0,0.0,0.0,0.0,0.0,0.0,0.0,0.0,0.0,0.0,0.0,0.0,0.0,0.0,-5.55111512312578e-17,6.85545157340033,1,0,0,0,0,0
"RI, AcGum rep3",0.0,0.0,0.0,0.0,0.0,0.0,0.0,0.0,0.0,0.0,0.0,0.0,0.0,0.0,0.0,0.0006667,6.7,1,0,0,0,0,0
"RI, AcGum rep3",1.0,0.0,0.0,0.0,0.0,0.0,0.0,0.0,0.0,0.0,0.0,0.0,0.0,0.0,0.0,0.010199993848801,6.86184568146484,1,0,0,0,0,0
"RI, AcGum rep3",2.0,0.0,0.0,0.0,0.0,0.0,0.0,0.0,0.0,0.0,0.0,0.0,0.0,0.0,0.0,-0.001800000667572,6.88582565507846,1,0,0,0,0,0
"RI, ArGal rep1",0.0,0.0,0.0,0.0,0.0,0.0,0.0,0.0,0.0,0.0,0.0,0.0,0.0,0.0,0.0,0.0006667,6.7,0,1,0,0,0,0
"RI, ArGal rep1",1.0,0.0,0.0,0.0,0.0,0.0,0.0,0.0,0.0,0.0,0.0,0.0,0.0,0.0,0.0,0.012900002300739,7.22935122515835,0,1,0,0,0,0
"RI, ArGal rep1",2.0,0.0,0.0,0.0,0.0,0.0,0.0,0.0,0.0,0.0,0.0,0.0,0.0,0.0,0.0,-0.000799998641014,6.90681975859959,0,1,0,0,0,0
"RI, ArGal rep2",0.0,0.0,0.0,0.0,0.0,0.0,0.0,0.0,0.0,0.0,0.0,0.0,0.0,0.0,0.0,0.0006667,6.7,0,1,0,0,0,0
"RI, ArGal rep2",1.0,0.0,0.0,0.0,0.0,0.0,0.0,0.0,0.0,0.0,0.0,0.0,0.0,0.0,0.0,0.003800000995398,7.16329582091796,0,1,0,0,0,0
"RI, ArGal rep2",2.0,0.0,0.0,0.0,0.0,0.0,0.0,0.0,0.0,0.0,0.0,0.0,0.0,0.0,0.0,-0.000399999320507,6.89265609452584,0,1,0,0,0,0
"RI, ArGal rep3",0.0,0.0,0.0,0.0,0.0,0.0,0.0,0.0,0.0,0.0,0.0,0.0,0.0,0.0,0.0,0.0006667,6.7,0,1,0,0,0,0
"RI, ArGal rep3",1.0,0.0,0.0,0.0,0.0,0.0,0.0,0.0,0.0,0.0,0.0,0.0,0.0,0.0,0.0,0.005100004374981,6.93824538860501,0,1,0,0,0,0
"RI, ArGal rep3",2.0,0.0,0.0,0.0,0.0,0.0,0.0,0.0,0.0,0.0,0.0,0.0,0.0,0.0,0.0,-0.001199997961521,6.89833421430198,0,1,0,0,0,0
"RI, Inulin rep1",0.0,0.0,0.0,0.0,0.0,0.0,0.0,0.0,0.0,0.0,0.0,0.0,0.0,0.0,0.0,0.0006667,6.7,0,0,1,0,0,0
"RI, Inulin rep1",1.0,0.0,0.0,0.0,0.0,0.0,0.0,0.0,0.0,0.0,0.0,0.0,0.0,0.0,0.0,0.001400001347065,7.19940274284663,0,0,1,0,0,0
"RI, Inulin rep1",2.0,0.0,0.0,0.0,0.0,0.0,0.0,0.0,0.0,0.0,0.0,0.0,0.0,0.0,0.0,-0.004000000655651,6.92045313643026,0,0,1,0,0,0
"RI, Inulin rep2",0.0,0.0,0.0,0.0,0.0,0.0,0.0,0.0,0.0,0.0,0.0,0.0,0.0,0.0,0.0,0.0006667,6.7,0,0,1,0,0,0
"RI, Inulin rep2",1.0,0.0,0.0,0.0,0.0,0.0,0.0,0.0,0.0,0.0,0.0,0.0,0.0,0.0,0.0,0.019799999892712,6.82652885549281,0,0,1,0,0,0
"RI, Inulin rep2",2.0,0.0,0.0,0.0,0.0,0.0,0.0,0.0,0.0,0.0,0.0,0.0,0.0,0.0,0.0,0.000200003385544,6.88876174596044,0,0,1,0,0,0
"RI, Inulin rep3",0.0,0.0,0.0,0.0,0.0,0.0,0.0,0.0,0.0,0.0,0.0,0.0,0.0,0.0,0.0,0.0006667,6.7,0,0,1,0,0,0
"RI, Inulin rep3",1.0,0.0,0.0,0.0,0.0,0.0,0.0,0.0,0.0,0.0,0.0,0.0,0.0,0.0,0.0,0.001999996602535,6.90836168164928,0,0,1,0,0,0
"RI, Inulin rep3",2.0,0.0,0.0,0.0,0.0,0.0,0.0,0.0,0.0,0.0,0.0,0.0,0.0,0.0,0.0,0.001599997282028,6.8704407462467,0,0,1,0,0,0
"RI, Starch rep1",0.0,0.0,0.0,0.0,0.0,0.0,0.0,0.0,0.0,0.0,0.0,0.0,0.0,0.0,0.0,0.0006667,6.7,0,0,0,0,1,0
"RI, Starch rep1",1.0,0.0,0.0,0.0,0.0,0.0,0.0,0.0,0.0,0.0,0.0,0.0,0.0,0.0,0.0,-0.038400001823902,7.09647878293406,0,0,0,0,1,0
"RI, Starch rep1",2.0,0.0,0.0,0.0,0.0,0.0,0.0,0.0,0.0,0.0,0.0,0.0,0.0,0.0,0.0,-0.011100001633167,6.92196371548061,0,0,0,0,1,0
"RI, Starch rep2",0.0,0.0,0.0,0.0,0.0,0.0,0.0,0.0,0.0,0.0,0.0,0.0,0.0,0.0,0.0,0.0006667,6.7,0,0,0,0,1,0
"RI, Starch rep2",1.0,0.0,0.0,0.0,0.0,0.0,0.0,0.0,0.0,0.0,0.0,0.0,0.0,0.0,0.0,-0.026699997484684,6.91367150348198,0,0,0,0,1,0
"RI, Starch rep2",2.0,0.0,0.0,0.0,0.0,0.0,0.0,0.0,0.0,0.0,0.0,0.0,0.0,0.0,0.0,-0.009499996900558,6.90729458019169,0,0,0,0,1,0
"RI, Starch rep3",0.0,0.0,0.0,0.0,0.0,0.0,0.0,0.0,0.0,0.0,0.0,0.0,0.0,0.0,0.0,0.0006667,6.7,0,0,0,0,1,0
"RI, Starch rep3",1.0,0.0,0.0,0.0,0.0,0.0,0.0,0.0,0.0,0.0,0.0,0.0,0.0,0.0,0.0,-0.036799997091294,7.20418780523514,0,0,0,0,1,0
"RI, Starch rep3",2.0,0.0,0.0,0.0,0.0,0.0,0.0,0.0,0.0,0.0,0.0,0.0,0.0,0.0,0.0,-0.061999991536141,6.94523246802244,0,0,0,0,1,0
"RI, Xylan rep1",0.0,0.0,0.0,0.0,0.0,0.0,0.0,0.0,0.0,0.0,0.0,0.0,0.0,0.0,0.0,0.0006667,6.7,0,0,0,0,0,1
"RI, Xylan rep1",1.0,0.0,0.0,0.0,0.0,0.0,0.0,0.0,0.0,0.0,0.0,0.0,0.0,0.0,0.0,0.015500001609325,6.78221635764962,0,0,0,0,0,1
"RI, Xylan rep1",2.0,0.0,0.0,0.0,0.0,0.0,0.0,0.0,0.0,0.0,0.0,0.0,0.0,0.0,0.0,0.001000002026558,6.8615911378453,0,0,0,0,0,1
"RI, Xylan rep2",0.0,0.0,0.0,0.0,0.0,0.0,0.0,0.0,0.0,0.0,0.0,0.0,0.0,0.0,0.0,0.0006667,6.7,0,0,0,0,0,1
"RI, Xylan rep2",1.0,0.0,0.0,0.0,0.0,0.0,0.0,0.0,0.0,0.0,0.0,0.0,0.0,0.0,0.0,-0.004100002348423,6.85416505220094,0,0,0,0,0,1
"RI, Xylan rep2",2.0,0.0,0.0,0.0,0.0,0.0,0.0,0.0,0.0,0.0,0.0,0.0,0.0,0.0,0.0,-0.007500004023314,6.87556823145702,0,0,0,0,0,1
"RI, Xylan rep3",0.0,0.0,0.0,0.0,0.0,0.0,0.0,0.0,0.0,0.0,0.0,0.0,0.0,0.0,0.0,0.0006667,6.7,0,0,0,0,0,1
"RI, Xylan rep3",1.0,0.0,0.0,0.0,0.0,0.0,0.0,0.0,0.0,0.0,0.0,0.0,0.0,0.0,0.0,0.010000001639128,6.68598339485245,0,0,0,0,0,1
"RI, Xylan rep3",2.0,0.0,0.0,0.0,0.0,0.0,0.0,0.0,0.0,0.0,0.0,0.0,0.0,0.0,0.0,0.002300001680851,6.8476932700086,0,0,0,0,0,1
"RI, none rep1",0.0,0.0,0.0,0.0,0.0,0.0,0.0,0.0,0.0,0.0,0.0,0.0,0.0,0.0,0.0,0.0006667,6.7,0,0,0,0,0,0
"RI, none rep1",1.0,0.0,0.0,0.0,0.0,0.0,0.0,0.0,0.0,0.0,0.0,0.0,0.0,0.0,0.0,-0.00109999999404,6.99932366871132,0,0,0,0,0,0
"RI, none rep1",2.0,0.0,0.0,0.0,0.0,0.0,0.0,0.0,0.0,0.0,0.0,0.0,0.0,0.0,0.0,-0.000699996948242,6.94735929800969,0,0,0,0,0,0
"RI, none rep2",0.0,0.0,0.0,0.0,0.0,0.0,0.0,0.0,0.0,0.0,0.0,0.0,0.0,0.0,0.0,0.0006667,6.7,0,0,0,0,0,0
"RI, none rep2",1.0,0.0,0.0,0.0,0.0,0.0,0.0,0.0,0.0,0.0,0.0,0.0,0.0,0.0,0.0,-0.000300001353025,7.00366423369104,0,0,0,0,0,0
"RI, none rep2",2.0,0.0,0.0,0.0,0.0,0.0,0.0,0.0,0.0,0.0,0.0,0.0,0.0,0.0,0.0,-0.003499999642372,6.89083350930915,0,0,0,0,0,0
"RI, none rep3",0.0,0.0,0.0,0.0,0.0,0.0,0.0,0.0,0.0,0.0,0.0,0.0,0.0,0.0,0.0,0.0006667,6.7,0,0,0,0,0,0
"RI, none rep3",1.0,0.0,0.0,0.0,0.0,0.0,0.0,0.0,0.0,0.0,0.0,0.0,0.0,0.0,0.0,-0.012900002300739,6.56526611333754,0,0,0,0,0,0
"RI, none rep3",2.0,0.0,0.0,0.0,0.0,0.0,0.0,0.0,0.0,0.0,0.0,0.0,0.0,0.0,0.0,-0.013100001960993,6.87432137098706,0,0,0,0,0,0
